'Jack',
'Noah',
'Leo',
'Oliver',
'Harris',
'Finlay',
'Lewis',
'James',
'Rory',
'Alexander',
'Brodie',
'Alfie',
'Charlie',
'Theo',
'Archie',
'Lucas',
'Mason',
'Finn',
'Thomas',
'Freddie',
'Max',
'Logan',
'Harry',
'Jacob',
'Blake',
'Luca',
'Oscar',
'Jude',
'William',
'Caleb',
'Roman',
'Cameron',
'Jaxon',
'Adam',
'Joshua',
'Ollie',
'Tommy',
'Daniel',
'Ethan',
'Harrison',
'Luke',
'Arthur',
'Muhammad',
'Jamie',
'Liam',
'Reuben',
'Arlo',
'Grayson',
'Hunter',
'Kai',
'Aaron',
'George',
'Matthew',
'Arran',
'Hamish',
'Callum',
'Myles',
'Carter',
'Nathan',
'Louie',
'Angus',
'Isaac',
'Michael',
'Benjamin',
'Connor',
'Carson',
'Cole',
'Elijah',
'Sonny',
'Blair',
'Callan',
'Fraser',
'Jackson',
'Louis',
'Lachlan',
'Joseph',
'Cooper',
'Owen',
'Ruaridh',
'Theodore',
'Albie',
'Leon',
'Dylan',
'Hudson',
'Robbie',
'David',
'Fergus',
'John',
'Murray',
'Ryan',
'Innes',
'Robert',
'Brody',
'Samuel',
'Struan',
'Riley',
'Cody',
'Finley',
'Jax',
'Lochlan',
'Andrew',
'Ben',
'Teddy',
'Ellis',
'Henry',
'Ronan',
'Aidan',
'Ezra',
'Frankie',
'Joey',
'Zachary',
'Gabriel',
'Aiden',
'Ruairidh',
'Euan',
'Jayden',
'Marcus',
'Rowan',
'Nico',
'Cillian',
'Magnus',
'Mohammed',
'Zack',
'Calvin',
'Elliot',
'Sam',
'Caelan',
'Evan',
'Felix',
'Levi',
'Kayden',
'Parker',
'Sebastian',
'Hugo',
'Calum',
'Josh',
'Harvey',
'Kyle',
'Conor',
'Flynn',
'Jordan',
'Zac',
'Alex',
'Lyle',
'Tyler',
'Zach',
'Patrick',
'Reggie',
'Ronnie',
'Rhys',
'Robin',
'Shay',
'Anthony',
'Bradley',
'Ruben',
'Austin',
'Christopher',
'Corey',
'Jake',
'Eli',
'Jaxson',
'Kaiden',
'Xander',
'Kian',
'Olly',
'Rocco',
'Zander',
'Hayden',
'Mohammad',
'Oakley',
'Ruairi',
'Cian',
'Connell',
'Enzo',
'Jasper',
'Jonah',
'Miles',
'Milo',
'Oskar',
'Spencer',
'Zak',
'Charles',
'Ewan',
'Layton',
'Rio',
'Ashton',
'Axel',
'Findlay',
'Frederick',
'Jason',
'Elliott',
'Gregor',
'Hector',
'Jay',
'Odin',
'Oran',
'Scott',
'Sean',
'Abel',
'Campbell',
'Darragh',
'Dominic',
'Edward',
'Rian',
'River',
'Yusuf',
'Beau',
'Colton',
'Joel',
'Kaleb',
'Kerr',
'Munro',
'Alasdair',
'Cruz',
'Douglas',
'Elias',
'Jaxx',
'Kevin',
'Niall',
'Travis',
'Ciaran',
'Filip',
'Hugh',
'Jace',
'Leighton',
'Luka',
'Mac',
'Mark',
'Nicholas',
'Rudi',
'Toby',
'Vincent',
'Asher',
'Billy',
'Duncan',
'Junior',
'Kobe',
'Lennox',
'Mateo',
'Miller',
'Oisin',
'Paul',
'Remy',
'Alistair',
'Bobby',
'Chester',
'Cohen',
'Eesa',
'Ibrahim',
'Jonathan',
'Julian',
'Maxwell',
'Nolan',
'Omar',
'Quinn',
'Rex',
'Ross',
'Ali',
'Eden',
'Nathaniel',
'Phoenix',
'Archer',
'Ayaan',
'Bailey',
'Danny',
'Kieran',
'Kit',
'Lauchlan',
'Peter',
'Tobias',
'Tom',
'Torin',
'Ace',
'Albert',
'Ivan',
'Jan',
'Leonardo',
'Lukas',
'Matteo',
'Mylo',
'Ralph',
'Reece',
'Ruari',
'Seth',
'Stephen',
'Alan',
'Ayden',
'Brandon',
'Caiden',
'Conall',
'Declan',
'Harley',
'Jesse',
'Karson',
'Kody',
'Nikodem',
'Antoni',
'Blaine',
'Bodhi',
'Clark',
'Colby',
'Cormac',
'Dominik',
'Eoin',
'Ivor',
'Jenson',
'Martin',
'Maximilian',
'Micah',
'Muhammed',
'Murdo',
'Nate',
'Otis',
'Rohan',
'Stanley',
'Aleksander',
'Casper',
'Francis',
'Keegan',
'Kingsley',
'Kole',
'Mack',
'Musa',
'Philip',
'Rudy',
'Rupert',
'Shane',
'Adrian',
'Ahmed',
'Archibald',
'Ari',
'Avery',
'Brooks',
'Cailean',
'Callen',
'Damian',
'Dexter',
'Jayce',
'Karter',
'Killian',
'Lawson',
'Lennon',
'Marcel',
'Marco',
'Mohamed',
'Ozzy',
'Richard',
'Romeo',
'Ruaraidh',
'Saul',
'Taylor',
'Vinnie',
'Bryce',
'Casey',
'Cayden',
'Fionn',
'Fletcher',
'Franciszek',
'Frank',
'Fynn',
'Koa',
'Kobi',
'Lee',
'Nairn',
'Neil',
'Olivier',
'Roan',
'Sorley',
'Yahya',
'Zain',
'Zayn',
'Caden',
'Coen',
'Conan',
'Damon',
'Dawson',
'Freddy',
'Grant',
'Haris',
'Hendrix',
'Ian',
'Jakub',
'Jensen',
'Kacper',
'Kayson',
'Kylo',
'Leyton',
'Lomond',
'Milan',
'Nicolas',
'Ramsay',
'Roddy',
'Steven',
'Syed',
'Szymon',
'Ted',
'Teodor',
'Tymon',
'Wallace',
'Wyatt',
'Brayden',
'Broden',
'Cairn',
'Caolan',
'Christian',
'Conlan',
'Darren',
'Dean',
'Donald',
'Eddie',
'Eoghan',
'Greyson',
'Hassan',
'Idris',
'Issac',
'Joe',
'Kasper',
'Kenzie',
'Knox',
'Kylian',
'Leonidas',
'Mackenzie',
'Maddox',
'Malachy',
'Malcolm',
'Marshall',
'Mikolaj',
'Mitchell',
'Mustafa',
'Niko',
'Ruan',
'Sandy',
'Shae',
'Teddie',
'Tomas',
'Troy',
'Abdul',
'Ahmad',
'Ajay',
'Alec',
'Antonio',
'Aran',
'Aron',
'Azaan',
'Brooklyn',
'Bruce',
'Carlo',
'Colin',
'Colson',
'Conal',
'Craig',
'Drew',
'Edwin',
'Hamza',
'Ivar',
'Justin',
'Kairo',
'Kane',
'Lincoln',
'Lochie',
'Lochlin',
'Lorenzo',
'Markus',
'Marley',
'Mikey',
'Odhran',
'Rayan',
'Remi',
'Ritchie',
'Rome',
'Sami',
'Stanislaw',
'Stefan',
'Tristan',
'Zayaan',
'Ziggy',
'Abdullah',
'Atlas',
'Aydin',
'Bentley',
'Brady',
'Brian',
'Cai',
'Cairo',
'Cass',
'Clay',
'Clayton',
'Colt',
'Corran',
'Eric',
'Franco',
'Giovanni',
'Gordon',
'Gray',
'Henryk',
'Iain',
'Ibraheem',
'Isaiah',
'Iver',
'Jaxxon',
'Jett',
'Johnny',
'Kaden',
'Kaelan',
'Keir',
'Klay',
'Kodi',
'Kyren',
'Laith',
'Lake',
'Leonard',
'Lucca',
'Lyall',
'Marc',
'Mayson',
'Nikolas',
'Orrin',
'Raife',
'Ralphie',
'Raymond',
'Rayyan',
'Reid',
'Rueben',
'Sawyer',
'Shea',
'Tadhg',
'Tiernan',
'Torran',
'Tymoteusz',
'Victor',
'Walter',
'Zaviyar',
'Alexandru',
'Alfred',
'Alvey',
'Amir',
'Aodhan',
'Arron',
'Aulay',
'Bruno',
'Cayde',
'Curtis',
'Dario',
'Deacon',
'Eduard',
'Erik',
'Ernest',
'Fabian',
'Ford',
'Gary',
'Glen',
'Hadi',
'Haider',
'Harper',
'Hubert',
'Ismail',
'Jaden',
'Jock',
'Julius',
'Kade',
'Kareem',
'Kenneth',
'Kiaan',
'Koah',
'Koby',
'Kolby',
'Kolton',
'Lennie',
'Lio',
'Lockie',
'Loki',
'Malik',
'Mario',
'Matei',
'Maverick',
'Maximus',
'Michal',
'Oban',
'Oliwier',
'Oren',
'Orson',
'Ossian',
'Preston',
'Rafael',
'Rafe',
'Rafferty',
'Raphael',
'Reagan',
'Regan',
'Renz',
'Riaan',
'Ryder',
'Santino',
'Sloan',
'Solomon',
'Stewart',
'Teo',
'Timothy',
'Umar',
'Valentino',
'Vinny',
'Zakariya',
'Zane',
'Zayan',
'Aadam',
'Aayan',
'Adriel',
'Alexandros',
'Alvie',
'Andrew-James',
'Antony',
'Arham',
'Artur',
'Aryan',
'Asa',
'Aston',
'Aubrey',
'August',
'Avyaan',
'Ayan',
'Ayoub',
'Boyd',
'Brae',
'Braxton',
'Buddy',
'Cain',
'Chase',
'Che',
'Coby',
'Codi',
'Colbie',
'Coll',
'Cree',
'Darius',
'Dax',
'Devlin',
'Dillon',
'Dougie',
'Easton',
'Edoardo',
'Emil',
'Emir',
'Emmett',
'Ewen',
'Finnley',
'Fox',
'Fred',
'Gabrielius',
'Georgie',
'Georgios',
'Gregory',
'Gus',
'Guy',
'Hashim',
'Igor',
'Israel',
'Jakob',
'Jared',
'Jayson',
'Jeremy',
'Johnathan',
'Jonas',
'Julien',
'Kaison',
'Kalvin',
'Kaysen',
'Keenan',
'Khalid',
'Kilian',
'Klayton',
'Kristian',
'Kylan',
'Kyran',
'Kyro',
'Larson',
'Laurence',
'Laurie',
'Lawrie',
'Leland',
'Luis',
'Macaulay',
'Maksymilian',
'Malakai',
'Mathias',
'Mohsin',
'Natan',
'Noel',
'Olaf',
'Otto',
'Pablo',
'Presley',
'Reginald',
'Reign',
'Richie',
'Rogan',
'Ronin',
'Rufus',
'Russell',
'Ryker',
'Ryley',
'Sasha',
'Seb',
'Seumas',
'Simon',
'Sol',
'Stuart',
'Tate',
'Terry',
'Viktor',
'Warren',
'Wilfred',
'Will',
'Wren',
'Xavier',
'Yaseen',
'Yazan',
'Yousef',
'Yousuf',
'Zion',
'Aariz',
'Aedan',
'Alba',
'Albi',
'Alby',
'Alexandre',
'Allan',
'Alvi',
'Amaan',
'Anas',
'Andreas',
'Andrei',
'Andrzej',
'Andy',
'Anton',
'Arie',
'Arlie',
'Aryaan',
'Ashar',
'Atholl',
'Barnaby',
'Barney',
'Baxter',
'Bear',
'Beauden',
'Benny',
'Bowie',
'Braydon',
'Brendan',
'Brennan',
'Cade',
'Cailan',
'Cal',
'Calan',
'Calder',
'Cieran',
'Clyde',
'Cobie',
'Coire',
'Connagh',
'Conner',
'Cory',
'Cruze',
'Damien',
'Damir',
'Daryl',
'David-James',
'Davis',
'Derek',
'Derry',
'Donnie',
'Dorian',
'Edan',
'Elia',
'Elis',
'Elvis',
'Elyas',
'Essa',
'Forest',
'Forrest',
'Gael',
'Gavin',
'Glenn',
'Harlow',
'Harlyn',
'Ignacy',
'Innis',
'Jad',
'Jase',
'Jaylen',
'John-James',
'Jordie',
'Josiah',
'Jozef',
'Judah',
'Kailen',
'Karol',
'Karsyn',
'Kash',
'Kason',
'Keagan',
'Keaton',
'Kelvin',
'Kenzo',
'Kingston',
'Kobie',
'Koen',
'Korey',
'Krzysztof',
'Kuba',
'Kyler',
'Kyron',
'Kyson',
'Lance',
'Lando',
'Leif',
'Lenny',
'Lloyd',
'Lonnie',
'Lorcan',
'Lowen',
'Lyndon',
'Macsen',
'Mahdi',
'Marty',
'Mateusz',
'Mckenzie',
'Miguel',
'Mikael',
'Millar',
'Miran',
'Mohamad',
'Neo',
'Nick',
'Norrie',
'Oliver-James',
'Orin',
'Ovie',
'Pearse',
'Percy',
'Perry',
'Piotr',
'Raegan',
'Ray',
'Rehan',
'Ren',
'Rennie',
'Reon',
'Rhu',
'Rhudi',
'Rhuri',
'Rocky',
'Sacha',
'Samson',
'Seamus',
'Shaun',
'Shaw',
'Sidney',
'Soren',
'Sullivan',
'Taha',
'Tait',
'Taran',
'Thorfinn',
'Tommie',
'Woody',
'Zaid',
'Zakaria',
'Zakariyya',
'Zayd',
'Zohan',
'Aahil',
'Aarav',
'Aarush',
'Abbas',
'Abraham',
'Adie',
'Adnan',
'Adonis',
'Aeden',
'Aj',
'Alaa',
'Alastair',
'Alban',
'Alejandro',
'Alessio',
'Alister',
'Aliyar',
'Ally',
'Ameer',
'Ammar',
'Amos',
'Anant',
'Aneurin',
'Aonghus',
'Apollo',
'Aqib',
'Aras',
'Archimedes',
'Argyle',
'Arhum',
'Arian',
'Aris',
'Arish',
'Arjun',
'Arlen',
'Arman',
'Arne',
'Arno',
'Aro',
'Artem',
'Ash',
'Atticus',
'Augustas',
'Augustus',
'Auley',
'Aurelio',
'Austen',
'Avi',
'Awab',
'Axl',
'Aydan',
'Baker',
'Balfour',
'Barclay',
'Barrie',
'Barron',
'Beinn',
'Benedict',
'Benji',
'Bennett',
'Bertie',
'Bhavin',
'Bjorn',
'Blain',
'Blane',
'Blayke',
'Blayn',
'Boston',
'Brandan',
'Brax',
'Braylon',
'Brock',
'Brodi',
'Brogan',
'Bryan',
'Caelen',
'Caine',
'Caley',
'Callahan',
'Carlos',
'Carrick',
'Carter-James',
'Cash',
'Caspar',
'Caysen',
'Cedric',
'Chinedu',
'Christos',
'Clarke',
'Coben',
'Cobhan',
'Cobi',
'Colbi',
'Coleson',
'Conley',
'Conn',
'Connal',
'Corin',
'Crawford',
'Culann',
'Cyrus',
'Dalton',
'Danilo',
'Daniyal',
'Dara',
'Darach',
'Darian',
'Dariusz',
'David-Jnr',
'Davie',
'Dawid',
'Declyn',
'Dev',
'Devin',
'Devon',
'Diego',
'Dillan',
'Dimitri',
'Donny',
'Dougal',
'Duke',
'Eamon',
'Eben',
'Ehsan',
'Eisa',
'Eldon',
'Eliot',
'Emilio',
'Emmanuel',
'Emrys',
'Erland',
'Ervin',
'Esa',
'Esson',
'Eugene',
'Ezekiel',
'Faizan',
'Farrell',
'Farris',
'Finnian',
'Finnlay',
'Fintan',
'Forbes',
'Foxx',
'Francesco',
'Francisco',
'Frazer',
'Fyfe',
'Gene',
'Geordie',
'Gerard',
'Graeme',
'Greg',
'Gunnar',
'Gunner',
'Hal',
'Harlan',
'Haroon',
'Hashir',
'Hasnain',
'Haydn',
'Heath',
'Hew',
'Hughie',
'Humza',
'Hung',
'Ifeanyichukwu',
'Irving',
'Isa',
'Ishaan',
'Ishaq',
'Ismael',
'Issa',
'Ivaan',
'Ivo',
'Izaan',
'Izaiah',
'Jackie',
'Jaiden',
'Jaime',
'Jameson',
'Jaxen',
'Jaxon-James',
'Jay-Jay',
'Jay-Junior',
'Jaycob',
'Jayden-Lee',
'Jeff',
'Jimi',
'Jimmy',
'Johnpaul',
'Jokubas',
'Jonny',
'Jordyn',
'Jos',
'Joud',
'Jules',
'Kabir',
'Kaeden',
'Kailo',
'Kaine',
'Kaiser',
'Kal',
'Kaladin',
'Kalen',
'Kallen',
'Kamil',
'Kase',
'Kayden-James',
'Kayleb',
'Kaylen',
'Keanu',
'Keith',
'Kenny',
'Keon',
'Khai',
'Khal',
'Kitt',
'Kiyan',
'Kohen',
'Kol',
'Konan',
'Konstantinos',
'Kornel',
'Kory',
'Krishav',
'Kristiyan',
'Kurtis',
'Kye',
'Kylen',
'Kyrie',
'Lachlann',
'Larsson',
'Lawrence',
'Layke',
'Layth',
'Lewie',
'Lex',
'Leyland',
'Liviu',
'Lochlann',
'Locki',
'Logan-James',
'Lorne',
'Loui',
'Lowrie',
'Lucian',
'Lucien',
'Lucio',
'Maaz',
'Maison',
'Malachi',
'Marcello',
'Marios',
'Marlon',
'Marvin',
'Massimo',
'Mate',
'Matias',
'Matyas',
'Mehdi',
'Mekhi',
'Memphis',
'Mihail',
'Mikail',
'Miroslav',
'Momin',
'Monroe',
'Montgomery',
'Morgan',
'Moss',
'Mungo',
'Murdoch',
'Murphy',
'Naren',
'Nicky',
'Nicolo',
'Nihal',
'Nikita',
'Noa',
'Oli',
'Olin',
'Omer',
'Orion',
'Orran',
'Padraig',
'Panagiotis',
'Parth',
'Paxton',
'Petru',
'Quaid',
'Rae',
'Ragnar',
'Rahim',
'Raiden',
'Raith',
'Ralphy',
'Rami',
'Ranald',
'Ranulph',
'Rayen',
'Reed',
'Reilly',
'Remo',
'Rhuari',
'Riley-James',
'Roberto',
'Roderick',
'Rodrigo',
'Rohaan',
'Rohail',
'Roj',
'Ronald',
'Rossi',
'Roy',
'Ruadh',
'Rudra',
'Rumaan',
'Ruraidh',
'Ruri',
'Rylee',
'Rylie',
'Ryver',
'Safwan',
'Saif',
'Saim',
'Saint',
'Samir',
'Santi',
'Santiago',
'Sehajdeep',
'Seonaidh',
'Seoras',
'Serge',
'Shahan',
'Silas',
'Simeon',
'Simone',
'Skyler',
'Sonnie',
'Sorren',
'Sterling',
'Sufian',
'Sufyaan',
'Sulaiman',
'Sylvester',
'Taim',
'Theodor',
'Thiago',
'Thom',
'Thomas-James',
'Tiago',
'Tierney',
'Tim',
'Tj',
'Tjay',
'Tobiasz',
'Tommi',
'Tommy-Scott',
'Tony',
'Toren',
'Torrin',
'Tucker',
'Tyrese',
'Tyson',
'Vihaan',
'Vivan',
'Wade',
'Walker',
'Wesley',
'Weston',
'Wilbur',
'Witold',
'Wolfgang',
'Yakub',
'Yanis',
'Yaqub',
'Yohan',
'Younes',
'Yousif',
'Youssef',
'Yunus',
'Yuvan',
'Yuvansh',
'Zackary',
'Zakary',
'Zayden',
'Zayne',
'Zayyan',
'Zeeshan',
'Zeke',
'Zohaan',
'Zoraver',
'Zyaire',
'A',
'Azyon',
'A-Jay',
'Aadhi',
'Aadhvik',
'Aadil',
'Aadvik',
'Aaran',
'Aari',
'Aarian',
'Aariv',
'Aaron-Lewis',
'Aarrin',
'Aarus',
'Aaruth',
'Aaryn',
'Aashir',
'Aaswim',
'Aavish',
'Aayansh',
'Aazam',
'Abakr',
'Abd',
'Abdalla',
'Abdelghany',
'Abdul-Aleem',
'Abdul-Haadi',
'Abdul-Hameed',
'Abdul-Samad',
'Abdulazeez',
'Abdulhadi',
'Abdulmalik',
'Abdulrahman',
'Abdurahman',
'Abdurrahman',
'Abe',
'Abhimanyu',
'Abie',
'Abitoluwa',
'Abu',
'Abubacarr',
'Abubakar',
'Abubaker',
'Abul',
'Abulfazl',
'Achille',
'Achim',
'Ackie',
'Adair',
'Adamo',
'Adeel',
'Ademola',
'Aden',
'Adham',
'Adhithyan',
'Aditya',
'Adley',
'Adrien',
'Advik',
'Adwaito',
'Adyaan',
'Aeko',
'Affaan',
'Affan',
'Affi-Nyamekye',
'Affie',
'Agamveer',
'Ahamed',
'Aherlow',
'Ahmet',
'Ahoora',
'Ahren',
'Aibne',
'Aidaan',
'Aidan-Jordan',
'Aiden-James',
'Aimo',
'Ainslie',
'Ajax',
'Ajwan',
'Akaal',
'Akef',
'Akhiro',
'Akie',
'Akif',
'Akinbolu',
'Akintola',
'Akkshaj',
'Akos',
'Aksel',
'Akshansh',
'Akshar',
'Akshayan',
'Al-Mubarak',
'Alben',
'Alden',
'Aleck',
'Aled',
'Aleksandar',
'Alekss',
'Alend',
'Alessandro',
'Alex-Junior',
'Alexander-James',
'Alexander-Jax',
'Alexander-Jericho',
'Alexzander',
'Alf',
'Alfie-James',
'Alfie-John',
'Alijah',
'Alisdair',
'Aliyan',
'Allan-Archie',
'Allister',
'Allister-John',
'Alois',
'Alonso',
'Alpha',
'Alsosa',
'Altamash',
'Altheo',
'Alvar',
'Alvaro',
'Alvy',
'Alwyn',
'Amadeusz',
'Amanj',
'Amanpreet',
'Ambrose',
'Amen',
'Amenadiel',
'Amer',
'Amhairghin',
'Amirtaha',
'Amjad',
'Amr',
'Amru',
'Amyr',
'An',
'Anakin',
'Anaser',
'Anay',
'Ander',
'Andey',
'Andi',
'Andre',
'Andrea',
'Anduin',
'Aneni',
'Anes',
'Anestis',
'Anfolaoluwami',
'Angadpal',
'Angel',
'Angelo',
'Anlon',
'Anmay',
'Anson',
'Ansumana',
'Antek',
'Anthony-David',
'Anthony-John',
'Antoine',
'Antwan',
'Anuife',
'Aodh',
'Apolloniusz',
'Apostolos',
'Aquila',
'Aram',
'Araoluwa',
'Archis',
'Archy',
'Arden',
'Areel',
'Areen',
'Arel',
'Ares',
'Arhlo',
'Arii',
'Arin',
'Arireoluwa',
'Arkadiusz',
'Arlo-Hendry',
'Arlo-James',
'Arloe',
'Arloh',
'Arlon',
'Arlowe',
'Armaan',
'Armando',
'Armel',
'Arnold',
'Aroe',
'Aronas',
'Arryn',
'Arsalan',
'Arshmaan',
'Arshman',
'Artie',
'Artien',
'Arvi',
'Arvin',
'Arvish',
'Arvo',
'Arwyn',
'Ary',
'Aryn',
'Arzaan',
'Arziki',
'Asadel',
'Asaiah',
'Aseel',
'Ashaar',
'Ashley',
'Ashren',
'Ashvik',
'Ashwin',
'Ashwyn',
'Asim',
'Aspen',
'Astor',
'Astyn',
'Ata',
'Atharv',
'Athilan',
'Athol',
'Atlin',
'Auguste',
'Auren',
'Auron',
'Aury',
'Avik',
'Avin',
'Aviraaj',
'Avram',
'Avyan',
'Avyukt',
'Awais',
'Awwab',
'Axel-Joseph',
'Axell',
'Axiel',
'Axl-River',
'Axton',
'Axyl',
'Ayaaz',
'Aydan-J',
'Aydn',
'Ayman',
'Ayo',
'Ayoola',
'Ayotomi',
'Ayyash',
'Ayyub',
'Ayzam',
'Ayzin',
'Azahiel',
'Azan',
'Azariah',
'Azario',
'Azayel',
'Azer',
'Azzam',
'Baby',
'Bahdoon',
'Bahez',
'Bailie',
'Baillie',
'Bailo',
'Baran',
'Barra',
'Barry',
'Bartek',
'Bartosz',
'Basile',
'Batu',
'Beaux',
'Bek',
'Bellamy',
'Benaiah',
'Benas',
'Benett',
'Bennan',
'Benni',
'Benoit',
'Bently',
'Berdiya',
'Bernard',
'Bertram',
'Bhargav',
'Bhodi',
'Bilal',
'Bill',
'Billy-John',
'Billy-Mccall',
'Blaise',
'Blake-John',
'Blakebruges',
'Blakely',
'Blayne',
'Blayx',
'Bleu',
'Bligh',
'Blu',
'Bobbie',
'Bobby-Thomas',
'Bodie',
'Bonifacy',
'Boran',
'Boris',
'Borislav',
'Borna',
'Borys',
'Bow',
'Bowan',
'Bowe-Duke',
'Bowen',
'Bradan',
'Braedan',
'Braedyn',
'Bram',
'Bramwell',
'Brando',
'Braxtyn',
'Braydan',
'Braylen',
'Brenley',
'Brett',
'Brian-Anthony',
'Brindley',
'Brinn',
'Brison',
'Briysone-Beau',
'Broderic',
'Broderick',
'Brodey',
'Brodhie',
'Brodie-William',
'Brodii',
'Bronson',
'Brookllyn',
'Brox',
'Bruan',
'Bruar',
'Bruk',
'Bryden',
'Brydon',
'C-Jay',
'Cadyn',
'Caeden',
'Caedyn',
'Cael',
'Caelin',
'Caelon',
'Cahal',
'Caidan',
'Caidhan',
'Cailen',
'Cailin',
'Cainan',
'Cairon',
'Caison',
'Caiyson',
'Caladh',
'Caledonia',
'Calem',
'Callo',
'Callum-John',
'Cally',
'Callyn',
'Calve',
'Calvin-James',
'Calvin-John',
'Calyn',
'Cam',
'Cambell',
'Camden',
'Cameron-James',
'Cami',
'Camilo',
'Carlin',
'Carloe',
'Carrick-John',
'Carrson',
'Carson-James',
'Carson-Jay',
'Carson-Lee',
'Carsonlee',
'Carsyn',
'Carter-Layland',
'Carter-Ryan',
'Carter-Scott',
'Carti',
'Casian',
'Cason',
'Caspian',
'Cassian',
'Cassius',
'Cavalli',
'Caylan',
'Caylus',
'Ceejay',
'Cezary',
'Chaitanya',
'Chance',
'Charlee',
'Charles-Jason',
'Charlie-George',
'Charvik',
'Chetachukwu',
'Chima',
'Chinedum',
'Chip',
'Chris',
'Christopher-John',
'Christopher-William',
'Christophoros',
'Christos-Ioannis',
'Christy',
'Chukwudi',
'Chukwumka',
'Chun',
'Cianan',
'Ciaren',
'Cier',
'Cilean-John',
'Cillin',
'Cilyan',
'Ciro',
'Ciurar',
'Claiton',
'Clay-Ty',
'Cleevan',
'Cleeve',
'Coady',
'Coah',
'Coby-Lee',
'Codeigh-James',
'Codey',
'Codie',
'Cody-Ray',
'Cohan',
'Colin-James',
'Colm',
'Colman',
'Colter',
'Colton-James',
'Coltynn',
'Conalan',
'Conar',
'Conleth',
'Connan',
'Connar',
'Connel',
'Connellan',
'Connolly',
'Conrad',
'Cooper-Gray',
'Copelan',
'Coplan',
'Copland',
'Coran',
'Corban',
'Corby',
'Coren',
'Corlie',
'Corrado',
'Corrie',
'Corry',
'Cosmo',
'Coulter',
'Couper',
'Cove',
'Creed',
'Creeve',
'Crewe',
'Cristian',
'Cristiano',
'Cruin',
'Cruiz',
'Cuba',
'Cuillin',
'Cullen',
'Cullen-John',
'Cullin',
'Czeslaw',
'Daanish',
'Daaruk',
'Dacre',
'Daemien',
'Dagmawi',
'Dahen',
'Dailey',
'Daire',
'Dale',
'Dalton-Jay',
'Daly',
'Damianos',
'Dana',
'Danbjorn',
'Danial',
'Daniel-John',
'Danielotu',
'Daniels',
'Danil',
'Danish',
'Dante',
'Danyal',
'Danyar',
'Danyl',
'Daood',
'Daoud',
'Daragh',
'Daren-Bill',
'Darrell',
'Darren-Junior',
'Darry',
'Darryl',
'Darryl-Lee',
'Darsh',
'Darvin',
'Darwin',
'Daryan',
'Daryn',
'Daud',
'Davi',
'David-Matias',
'David-Stefan',
'David-Thomas',
'Davids',
'Davie-Zak',
'Dawud',
'Daylen',
'Dayton',
'Deagan',
'Deakin',
'Deakon',
'Decoy',
'Deegan',
'Deen',
'Deklan',
'Deklyn',
'Deko',
'Dekotah',
'Dele',
'Demba',
'Demetri',
'Demir',
'Denik',
'Denis',
'Denni',
'Dennis',
'Denver',
'Denver-Rai',
'Dermot',
'Derrick',
'Deryn',
'Devaansh',
'Devansh',
'Devlyn',
'Devyn',
'Dhairya',
'Dharam',
'Dheera',
'Dhiyan',
'Dhruv',
'Dhruvaditya',
'Dhruvan',
'Dhruvansh',
'Diako',
'Didam',
'Digby',
'Dilanas',
'Diljit',
'Dillian',
'Dimitar',
'Dimitrios',
'Dino',
'Dio',
'Dior',
'Divine',
'Diyan',
'Djimon',
'Domhnaic',
'Domhnall',
'Dominic-Alexandru',
'Dominykas',
'Donald-Junior',
'Donchadh',
'Dondoter',
'Donnchadh',
'Donovan',
'Doski',
'Douglas-John',
'Dovydas',
'Drake',
'Drever',
'Druvan',
'Drydn',
'Duncan-Alexander',
'Dusty',
'Dwayne',
'Dylan-Jnr',
'Eachainn',
'Eamonn',
'Ean',
'Eason',
'Eban',
'Ebbe',
'Ebben',
'Ebrima',
'Ebube',
'Ebube-Chukwu',
'Ebubechukwu',
'Edbert',
'Eddiejoe',
'Eddison',
'Eddy',
'Edgar',
'Edirissa',
'Ediz',
'Edouard',
'Eesah',
'Eevan',
'Ehab',
'Ehsin',
'Eideard',
'Eiden',
'Eighan',
'Eilijah',
'Einar',
'Ekam',
'Ekamnoor',
'Ekenedilichukwu',
'Eldad',
'Eldaras',
'Eli-Archie',
'Eliash',
'Eliasz',
'Eligh',
'Elijah-Thomas',
'Elijas',
'Eliott',
'Elisei',
'Elisha',
'Elliah',
'Elliott-Andrew',
'Ellis-Alexander',
'Elnathan',
'Eloim',
'Elon',
'Elrey',
'Elroi',
'Elwood',
'Ely',
'Emad',
'Emanuel',
'Emelie',
'Emery',
'Emiliano',
'Enda',
'Enea',
'Ennis',
'Enoch',
'Enoch-Praise',
'Enoh',
'Enrique',
'Eren',
'Erhan',
'Erick',
'Erikas',
'Erra',
'Errikos',
'Ertugrul',
'Eryk',
'Esaa',
'Esomchukwu',
'Esrom',
'Esteban',
'Ethan-Luke',
'Evander',
'Evans',
'Evgeny',
'Eyad',
'Ezeek',
'Ezrabanx',
'Fahad',
'Faheem',
'Faiz',
'Faizaan',
'Faolan',
'Fareed',
'Farhal',
'Farhan',
'Faris',
'Farrow',
'Faruk',
'Fawaz',
'Feargus',
'Felipe',
'Fenton',
'Ferenc',
'Fereti',
'Fergal',
'Fergie',
'Fernie',
'Fesochukwu',
'Fidelis',
'Filipe',
'Filippos',
'Finch',
'Finlo',
'Finnick',
'Finnin',
'Fionnan',
'Fionnlagh',
'Firth',
'Flint',
'Florent',
'Flyn',
'Foster',
'Fraai',
'Francis-Connor',
'Franek',
'Frankie-Lee',
'Franklin',
'Fraser-Junior',
'Freddi',
'Freddie-Alan',
'Frederik',
'Fredrick',
'Furqan',
'Fury',
'Gaabriel',
'Gafkara',
'Galen',
'Gamunu',
'Garcia',
'Garry',
'Gaspar',
'Gaurang',
'Gazi',
'Geo',
'Geoffrey',
'Ghassan',
'Ghazi',
'Ghulam',
'Giacomo',
'Gian',
'Gianfrancesco',
'Gianmarco',
'Gibson',
'Gillies',
'Gillis',
'Gilmar',
'Gino',
'Gio',
'Gioele',
'Giuliano',
'Giuseppe',
'Golam',
'Grady',
'Grae',
'Graham',
'Graison',
'Graysen',
'Grayson-Scott',
'Great',
'Greig',
'Grey',
'Greylan',
'Greysen',
'Griff',
'Griffin',
'Grigor',
'Gryffin',
'Gulsher',
'Gurmukh',
'Gursahib',
'Gursajjan',
'Gurshant',
'Gustavs',
'Guyan',
'Gvidus',
'Gyorgy',
'Haadi',
'Habeeb',
'Hadleigh',
'Hadley',
'Hady',
'Hafiz',
'Haider-Ali',
'Haidyn',
'Haimadou',
'Hakeem',
'Haldane',
'Halden',
'Hallie',
'Hamad',
'Hamdaan',
'Hamdan',
'Hamid',
'Hamish-John',
'Hammad',
'Hamzah',
'Haniel',
'Hannan',
'Hanon',
'Hansen-James',
'Hanzala',
'Harald',
'Haralds',
'Harcus',
'Hari',
'Harib',
'Haris-Leo',
'Harleigh',
'Harley-Leigh',
'Harmandeep',
'Harnoor',
'Harper-Jaxx',
'Harrison-James',
'Harrold',
'Harry-James',
'Harshiv',
'Hart',
'Harun',
'Harvey-King',
'Harvir',
'Hasan',
'Haseeb',
'Hashvith',
'Hasim',
'Hattan',
'Havelock',
'Hayder',
'Hayes',
'Haytham',
'Hektor',
'Henderson',
'Hendrik',
'Henrie',
'Henrik',
'Henry-Duane',
'Herbie',
'Heru',
'Hesham',
'Hilton',
'Himal',
'Hjalti',
'Holden',
'Horacy',
'Horam',
'Hoshang',
'Hossien',
'Howie',
'Hridhaan',
'Huey',
'Humdan',
'Humzah',
'Hunain',
'Hunter-Cayde',
'Hunter-Grey',
'Hunter-Leigh',
'Hunter-Michael',
'Hunter-Santino',
'Huntleigh',
'Husem',
'Hussain',
'Hussein',
'Hussin',
'Hussnain',
'Hussun',
'Huud',
'Huxley-Ross',
'Huzair',
'Hywel',
'Iacob',
'Ianis',
'Iannis',
'Iasonas',
'Ibad-Ur-Rehman',
'Ibai',
'Idrees',
'Idriss',
'Ieuan',
'Iftu',
'Ignatius',
'Ihsaan',
'Ikam',
'Ikenna',
'Ikraam',
'Ilya',
'Ilyaas',
'Ilyas',
'Ilyes',
'Imrie',
'Inaayat',
'Indiana',
'Indigo',
'Ioan-Florin',
'Ioannis',
'Iomhar',
'Ionatan',
'Iosif',
'Iosua',
'Iremide',
'Iroh',
'Irtaza',
'Irvine',
'Isaak',
'Isac',
'Isai',
'Isambard',
'Ishank',
'Ishmael',
'Iskandar',
'Iustin',
'Ivaylo',
'Ivein',
'Iwo',
'Iyaad',
'Izaak',
'Izhaan',
'Izyan',
'Jabran',
'Jacek',
'Jackson-John',
'Jacob-Jackson',
'Jacob-James',
'Jacob-Scott',
'Jacoh',
'Jacopo',
'Jader',
'Jadon',
'Jadon-James',
'Jador',
'Jai',
'Jak',
'Jake-Joe',
'Jamal',
'James-Wallace',
'James-William',
'Jamie-Michael',
'Jamiie',
'Jamil',
'Jamison',
'Jano',
'Japveer',
'Jaqub',
'Jareer',
'Jarno',
'Jaro',
'Jasim',
'Jaskirat',
'Jasser',
'Jasvin',
'Jaswanth',
'Jathniel',
'Jawad',
'Jaxson-Cree',
'Jaxxson',
'Jaxyn',
'Jaycen',
'Jaydin',
'Jaydon',
'Jaye',
'Jayhan',
'Jaylin',
'Jaze',
'Jed',
'Jedd',
'Jedidiah',
'Jeevan',
'Jeffery',
'Jensyn',
'Jeremiah',
'Jerzy',
'Jeshurun',
'Jett-James',
'Jibreel',
'Jibril',
'Jie',
'Jim',
'Jimmie',
'Jishaan',
'Jockie',
'Joey-James',
'John-Jackson',
'John-Joseph',
'John-Patrick',
'John-Phoenix',
'John-Robert',
'John-Scott',
'Johnie',
'Johnnie',
'Johnson',
'Johnston',
'Jolyon',
'Jon',
'Jona',
'Jonjoe',
'Jonni',
'Jonnie',
'Jonny-Junior',
'Jonty',
'Jools',
'Jorawar',
'Jordan-Myles',
'Jordi',
'Jordy',
'Joris',
'Josef',
'Joseph-Jordan',
'Josh-Jorge',
'Joshua-Ioan',
'Josua',
'Jovan',
'Juan',
'Jude-Martin',
'Julen',
'Junaid',
'Juno',
'Jura',
'Justice-Quentin',
'Kaami',
'Kaan',
'Kacen',
'Kadeyn',
'Kaedyn',
'Kaelin',
'Kaelon',
'Kaesen',
'Kaeson',
'Kaiben',
'Kaiden-Jay',
'Kaidyn',
'Kain',
'Kainan',
'Kairimui',
'Kaius',
'Kaiyan',
'Kaiyan-Izahdeen',
'Kajetan',
'Kal-El',
'Kaleel',
'Kali',
'Kalin',
'Kallan',
'Kallikrates',
'Kallum',
'Kaloyan',
'Kalpit',
'Kamal',
'Kamalveer',
'Kamiar',
'Kamran',
'Kandon',
'Kaobichimdi',
'Karim',
'Karl-Magnus',
'Karlo',
'Karson-Lee',
'Karsson',
'Karter-John',
'Karter-Wylie',
'Kartik',
'Kashif',
'Kasim',
'Kassaiyah',
'Kassidy',
'Kassy',
'Kaven',
'Kawan',
'Kay',
'Kaycen',
'Kaydan',
'Kayde',
'Kayden-Louis',
'Kayetan',
'Kaylan',
'Kaylann',
'Kaylin',
'Kaynan',
'Kayron',
'Kaysan',
'Kazem',
'Kazimierz',
'Kealan',
'Kealen',
'Kean',
'Keatin',
'Keelan',
'Keilen',
'Keilor',
'Kelbie',
'Kelby',
'Kelechi',
'Kell',
'Kellan',
'Kelly',
'Kelso',
'Kelson',
'Kelvin-Justin',
'Kenan',
'Kendrick',
'Kenit',
'Kennedy',
'Kenzie-Jay',
'Kenzii',
'Kester',
'Kevinas',
'Keyaan',
'Keyan',
'Keyur',
'Khaled',
'Khalil',
'Khalilurrahman',
'Khalson',
'Khayalethu',
'Khizar',
'Khobei',
'Khody',
'Khuram',
'Khuzaima',
'Khyran',
'Killian-James',
'Kinan',
'King',
'Kingstyn',
'Kion',
'Kirk',
'Kirran',
'Kivali',
'Kiyaan',
'Klai',
'Klay-James',
'Koan',
'Kobe-Jaxson',
'Kobe-Rae',
'Kobimtochukwu',
'Kobylee',
'Kobyn',
'Koda',
'Kodie',
'Kodyn',
'Koebyn',
'Kofi',
'Kohan',
'Kolbey',
'Kolesyn',
'Kolt',
'Konner',
'Konnor',
'Konrad',
'Konstantinas',
'Korbyn',
'Korri',
'Kory-Lee',
'Kosisochi',
'Kosma',
'Kovah',
'Kove',
'Krae',
'Krasimir',
'Kray',
'Kreed',
'Kris',
'Krish',
'Krishan',
'Krishiv',
'Kristofer',
'Kristopher',
'Kroi',
'Krue',
'Kruz',
'Krystian',
'Ksawery',
'Kumail',
'Kurts',
'Kuzey',
'Kwabena',
'Kwame',
'Kyal',
'Kylor',
'Kyonn',
'Kyril',
'Kyro-Cruz',
'Kyrus',
'Kyver',
'Lacatos',
'Lachie',
'Lachlyn',
'Laikle',
'Laird',
'Laiton',
'Lakneesh',
'Landin',
'Landon',
'Landry',
'Laszlo',
'Lathaniel',
'Lauchie',
'Lauchlen',
'Lauchlin',
'Laughlan',
'Lawan',
'Lawand',
'Lawey',
'Lawk',
'Lawson-Alexander',
'Layden',
'Laylen',
'Layne',
'Layo',
'Layson',
'Layten',
'Leander',
'Leandro',
'Leandros',
'Lear',
'Leban',
'Leeland',
'Legend',
'Lei-Jai',
'Lenard',
'Leni',
'Lenn',
'Lenniee',
'Lennix',
'Lennon-James',
'Lenon',
'Lenox',
'Leo-Andre',
'Leo-David',
'Leo-James',
'Leo-Logan',
'Leo-Michael',
'Leo-Scott',
'Leon-John',
'Leonel',
'Leonid',
'Levai',
'Levi-John',
'Levi-Oconnor',
'Levi-Scott',
'Leviathan',
'Lewi',
'Liall',
'Liam-Elijah',
'Liam-James',
'Liam-Ross',
'Lilo',
'Lincon',
'Linden',
'Lingyi',
'Linkin',
'Linstrum',
'Linton-Ray',
'Liston-Blue',
'Livian',
'Lj',
'Lluc',
'Llyndon',
'Lochay',
'Lochlainn',
'Lochlan-Jae',
'Lochlan-Joseph',
'Lochlyn',
'Lochy',
'Locryn',
'Logan-Joseph',
'Lohan',
'Loki-Lee',
'Loklan',
'Lokshith',
'Londyn',
'Loreni',
'Lorenzo-Moon',
'Lorenzzo',
'Losseni',
'Loughlin',
'Louie-Jai',
'Loukas',
'Lourenco',
'Loxton',
'Luan',
'Luay',
'Luca-Bleu',
'Luca-James',
'Luca-Patrick',
'Lucas-Arlo',
'Lucjusz',
'Ludo',
'Lughaidh',
'Lui',
'Lukah',
'Lukah-Andrew',
'Lukus',
'Luqman',
'Lusan',
'Lusungu',
'Luthor',
'Luuk',
'Lux',
'Lylan',
'Lynch',
'Lysander',
'Maanav',
'Maarif',
'Macarthur',
'Maceo',
'Maciej',
'Mackie',
'Macklin',
'Maclan',
'Madden',
'Madhavan',
'Maeson',
'Maghnus',
'Magnes',
'Magnie',
'Mahir',
'Mahmoud',
'Mahour',
'Majeed',
'Mak',
'Makai',
'Maksim',
'Maksims',
'Makura',
'Malakai-Jason',
'Malang',
'Malaruma',
'Malaz',
'Malcom',
'Malek',
'Mali',
'Malikye',
'Malin',
'Manas',
'Mani',
'Manith',
'Mannix',
'Manraj',
'Mantas',
'Manuel',
'Manus',
'Manveer',
'Marcelo',
'Marco-Aryan',
'Marek',
'Mariwan',
'Marizuk',
'Markas',
'Marley-Jay',
'Marlo',
'Maro',
'Marric',
'Marsel',
'Martello',
'Martim',
'Masen',
'Mashaal',
'Masin',
'Mason-Josh',
'Mason-Lee',
'Mason-Levi',
'Mason-Lewis',
'Massin',
'Massinissa',
'Mathew',
'Matiewos',
'Mattew',
'Matthew-Alexander',
'Mattias',
'Mattie',
'Matty',
'Matus',
'Mauro',
'Maurya',
'Maxi',
'Maxime',
'Maximo',
'Maxx',
'Mazen',
'Mcaulay',
'Mccoy',
'Mckay',
'Md',
'Medalion',
'Meer',
'Mehmet',
'Mehran',
'Mehtaab',
'Mehzad',
'Mekhai',
'Melih',
'Melvin',
'Methilesh',
'Mevin',
'Mian',
'Micaiahs',
'Michail',
'Michail-Jaymz',
'Michalis',
'Michele',
'Micky',
'Mieszko',
'Mihai',
'Mikaeel',
'Mikal',
'Mikiyas',
'Mikko',
'Mikyle',
'Milos',
'Milosz',
'Mina',
'Miray',
'Mirembe',
'Miro',
'Mirza',
'Mitansh',
'Mithat',
'Mo',
'Moaad',
'Moad',
'Moaid',
'Modou',
'Mofiyinfoluwa',
'Mohak',
'Mohayad',
'Moise',
'Moiz',
'Momen',
'Momodou',
'Monib',
'Monty',
'Morad',
'Moray',
'Morpheus',
'Morris',
'Mosaab',
'Mosie',
'Mosisa',
'Mostafa',
'Mouhammad',
'Mounjid',
'Mthabisi',
'Muaz',
'Mubashir',
'Mueed',
'Muhamadu',
'Muhammad-Affan',
'Muhammad-Ali',
'Muhammad-Ayaan',
'Muhammad-Faizan',
'Muhammad-Haad',
'Muhammad-Yusuf',
'Muhammed-Adam',
'Muhaned',
'Muhaymin',
'Muhsin',
'Muir',
'Munashe',
'Muqim',
'Muri',
'Murraigh',
'Musab',
'Mushab',
'Musie',
'Mycah',
'Myers',
'Myron',
'Nadar',
'Naithan',
'Naiyan',
'Nakoah-Knox',
'Naksh',
'Nalan',
'Naphtali',
'Naqeeb',
'Nasario',
'Nash',
'Nasser',
'Natalino',
'Nataniel',
'Nathanael',
'Natoniel',
'Nauraiz',
'Naveen',
'Nayel',
'Necatin',
'Neel',
'Nehan',
'Nehansh',
'Neitas',
'Neoklis',
'Neon',
'Nero',
'Nevansh',
'Nevis',
'Neyansh',
'Niam',
'Niaz',
'Nicholas-Edward',
'Nickolas',
'Nicodem',
'Nicol',
'Nicolai',
'Nikhil',
'Niklaus',
'Nikola',
'Nikolaos',
'Nikos',
'Nimrod',
'Nirvit',
'Nixon',
'Nixuan',
'Nnanyelugo',
'Noah-Flynn',
'Noah-Jack',
'Noah-James',
'Noah-John',
'Noah-Thembizane',
'Noi',
'Nojus',
'Nolen',
'Nolyn',
'Nori',
'Norie',
'Norri',
'Norton',
'Novah',
'Nurullah',
'Nutu',
'Nyah',
'Nyall',
'Nyameye',
'Nye',
'Nyle',
'Odell',
'Oaklei',
'Oakleigh',
'Oaklynd',
'Obada',
'Obadiah',
'Obaseyori',
'Obinna',
'Obinnaya',
'Obrempong',
'Ocean',
'Oden',
'Odinn',
'Odson',
'Odyn',
'Ognyan',
'Oihan',
'Oisean',
'Ojas',
'Ojoromiwa',
'Okeoghene',
'Olaoreofe',
'Oleifer',
'Olisedubem',
'Olli',
'Olsen',
'Oluwadamilola',
'Oluwademilogo',
'Oluwaferanmi',
'Oluwafiferanmi',
'Oluwafikayomi',
'Oluwajomiloju',
'Oluwamayomikun',
'Oluwamurewa',
'Oluwatimilehin',
'Oluwatimisire',
'Oluwatobiloba',
'Oluwatomi',
'Oluwatoni',
'Oluwaturemijade',
'Omair',
'Omran',
'Ondugbe',
'Oputjo',
'Orestis',
'Orhaan',
'Orinn',
'Orlando',
'Orlo',
'Orryn',
'Orsin',
'Orson-Lee',
'Oryx',
'Osahenru',
'Osian',
'Oswin',
'Otter',
'Ovidiu',
'Owain',
'Owais',
'Owyn',
'Owynn',
'Oxley',
'Ozan',
'Ozias',
'Paddy',
'Padraic',
'Paisley',
'Palla',
'Panav',
'Paolo',
'Paraic',
'Paramat',
'Parnaj',
'Patrick-Blue',
'Patrick-Ionut',
'Patrik',
'Patryk',
'Pavanram',
'Pawel',
'Peter-John',
'Peyton',
'Pheonix',
'Philippos',
'Phillip',
'Phineas',
'Phynn',
'Pierce',
'Pierre',
'Pijus',
'Pol',
'Porter',
'Prabhav',
'Prabhdarsh',
'Prabhgun',
'Prabhjot',
'Pranat',
'Prem',
'Prince',
'Prince-Junior',
'Priyansh',
'Prokop',
'Prosper',
'Pusat',
'Quanders',
'Quillan',
'Quinten',
'Qusai',
'Raajveer',
'Radlii',
'Radyn',
'Raei',
'Rafaele',
'Rafay',
'Rafferty-Lei',
'Ragan-Thomas',
'Raha',
'Rahaan',
'Rahimullah',
'Raied',
'Raielan',
'Raiens',
'Raif',
'Raigan',
'Raiymbek',
'Rajamithran',
'Rakan',
'Ralfie',
'Raman',
'Ramas',
'Ramsaidh',
'Ramsey',
'Ramyar',
'Ranulf',
'Ranvijay',
'Rares',
'Rares-Gabriel',
'Rascal',
'Ratu',
'Raul',
'Rauree',
'Rausa',
'Raven',
'Ravi',
'Rawaz',
'Rayaan',
'Raydan',
'Rayhan',
'Raymie',
'Rayth',
'Razvan',
'Reave',
'Recaro',
'Redd',
'Reef',
'Reegan',
'Reeve',
'Reggy',
'Reginault',
'Rehmat',
'Reighan',
'Reino',
'Reis',
'Renas',
'Rene',
'Rengdar',
'Reni',
'Renny',
'Renzo',
'Reyan',
'Reyansh',
'Reza',
'Rezan',
'Rhaze',
'Rheon',
'Rhett',
'Rheuben',
'Rhiley',
'Rhori',
'Rhuairidh',
'Rhuben',
'Rhue',
'Rhuraidh',
'Rhurie',
'Rhyatt',
'Ri',
'Ribhav',
'Ricardo',
'Richi',
'Ricky',
'Rico',
'Righteous',
'Rikko',
'Riku',
'Riley-Blu',
'Rinat',
'Ringsuan',
'Rino',
'Rion',
'Rioux',
'Rishit',
'Rishu',
'Riso',
'Rivaan',
'River-John',
'River-Lee',
'River-Philip',
'Rixon',
'Roban',
'Robbie-Allan',
'Robbin',
'Robert-John',
'Robi',
'Robson',
'Rodi',
'Rodin',
'Rodric',
'Roghain',
'Rohgan',
'Rokveer',
'Roland',
'Romae',
'Romi',
'Romuinjo',
'Romy',
'Ronaldo',
'Ronan-Blue',
'Roo',
'Rorey',
'Rorie',
'Rory-Lee',
'Rosario',
'Roscoe',
'Rosen',
'Roshan',
'Ross-Jay',
'Ross-Scott',
'Rostam',
'Rouhi',
'Rounak',
'Rourke',
'Rowe',
'Rowen',
'Rox',
'Royal',
'Royce',
'Rozain',
'Ruadhainn',
'Ruadhan',
'Ruadhan-Davy',
'Ruairdh',
'Ruaridh-Harris',
'Ruben-James',
'Rudransh',
'Ruedy',
'Ruhaab',
'Ruhben',
'Rui',
'Rurik',
'Rury',
'Ruslan',
'Ruthven',
'Ryan-Jesse',
'Ryan-Junior',
'Rylan',
'Saad',
'Saalih',
'Saddam',
'Safa',
'Safi',
'Sagan-Io',
'Sahib',
'Sahiru',
'Sai',
'Saiful-Islam',
'Saige',
'Sait',
'Sajjan',
'Sakesh',
'Salahudiin',
'Salem',
'Salih',
'Salim',
'Salis',
'Salomon',
'Salvatore',
'Samael',
'Samarth',
'Samay',
'Sameer',
'Samiullah',
'Sammy',
'Samra-Basel',
'Samrat',
'Samuel-Allan',
'Samuele',
'Samuil',
'Samwise',
'Sander',
'Sangeet',
'Sanjh',
'Santos',
'Saqib',
'Saqr',
'Sarfaraz',
'Sarim',
'Sarkar',
'Sartaj',
'Sarvagya',
'Satnam',
'Savraj',
'Sayim',
'Scott-Junior',
'Scottie',
'Seagar',
'Sean-John',
'Sebastian-Vasile',
'Sebastians',
'Sebastien',
'Seidu',
'Selasi',
'Selim',
'Sergio',
'Seumus',
'Sewa',
'Seyder',
'Seyed',
'Sha',
'Shaelan',
'Shaemichael',
'Shafay',
'Shahaan',
'Shaheer',
'Shahir',
'Shahmeer',
'Shahzen',
'Shai',
'Shakthivelan',
'Shamrudh',
'Sharan',
'Shariq',
'Shasta',
'Shaurya',
'Shawn',
'Shay-James',
'Shayan',
'Shaylon',
'Shayne',
'Shazaib',
'Shazain',
'Sheamus',
'Sheikh',
'Shelby',
'Shiloh',
'Shiyan',
'Shreehan',
'Shreyan',
'Shrihan',
'Shuraim',
'Sibiel',
'Sideg',
'Silban',
'Silver',
'Sim',
'Simanga',
'Siraj',
'Sirius',
'Sitiveni',
'Sivaamshan',
'Siyaf',
'Skanda',
'Smith',
'Somhairle',
'Sommung',
'Sonas',
'Sonni',
'Sonny-Jay',
'Sorena',
'Souban',
'Sparsh',
'Spen',
'Spyridon',
'Sreyansh',
'Srijan',
'Sriyan',
'Stark',
'Stavros',
'Stefanos',
'Steffan',
'Stephan',
'Stephen-Junior',
'Steven-James',
'Stevie-James',
'Stiles-Bly',
'Storm',
'Stormm',
'Subarna',
'Subhan',
'Sudais',
'Sukhmander',
'Sula',
'Sulayman',
'Suleiman',
'Sultan',
'Sunny',
'Sutton',
'Sven',
'Swaibu',
'Syd',
'Sydney',
'Sylvan',
'Sylvestar',
'Symen',
'Tjay',
'Tadeusz',
'Tafsir',
'Tahir',
'Tai',
'Taksh',
'Talha',
'Talyn',
'Tam',
'Tanaka',
'Tanitoluwa',
'Tanmay',
'Tansh',
'Taptue',
'Tarran',
'Tate-James',
'Tatum',
'Taurus',
'Tavis',
'Tay',
'Tayleur',
'Taym',
'Teak',
'Tecwyn',
'Teddy-James',
'Teniayo',
'Teodoras',
'Teoman',
'Terence',
'Thane',
'Theo-Baylin',
'Theo-Lee',
'Theodore-James',
'Theodoros',
'Theriso',
'Thinuk',
'Thiyan',
'Thomas-John',
'Thomas-Jordan',
'Thor',
'Thoren',
'Thorin',
'Thorr',
'Thorren',
'Thyson-Lee',
'Tiam',
'Tifeoluwa',
'Tiger',
'Timas',
'Timileyin',
'Timofey',
'Timothee',
'Timur',
'Tino',
'Tio',
'Tirenimioluwa',
'Tiylar',
'Tobechukwu',
'Tobey',
'Tobi',
'Tobia',
'Tomasz',
'Tomek',
'Tommaso',
'Tommy-Lee',
'Tomohiko',
'Tomy',
'Toni',
'Toprak',
'Torben',
'Torren',
'Torridon',
'Toryn',
'Tre',
'Trevor',
'Trix',
'Trystan',
'Tudor',
'Tully',
'Turlough',
'Tyberius',
'Tydus',
'Tylan',
'Tyler-Jay',
'Tyler-John',
'Tymek',
'Tyreese',
'Tyro',
'Tyson-James',
'Tywin',
'Uday',
'Udham',
'Udochukwu',
'Uist',
'Ujiroghene',
'Ulysse',
'Useuako',
'Usmon',
'Uzaid',
'Uzayr',
'Uzezi',
'Uziah-Nova',
'Vahin',
'Vakaris',
'Valentin',
'Vallen',
'Valsamos',
'Vanij',
'Vansh',
'Varga',
'Varis',
'Vasco',
'Vasileios',
'Vasilis',
'Ved',
'Vedaansh',
'Vedant',
'Vedh',
'Vedhesh',
'Veeransh',
'Veeranth',
'Velin',
'Vere',
'Verinao',
'Viaan',
'Viansh',
'Vico',
'Vihan',
'Vikranth',
'Viliyan',
'Vincenzo',
'Viraj',
'Vishrav',
'Vismay',
'Vit',
'Vito',
'Vlad',
'Vladimir',
'Vojtech',
'Vrishik',
'Wael',
'Wahab',
'Wahenoor',
'Wajih',
'Wakas',
'Waleed',
'Wallace-Robert',
'Wanga',
'Wayde',
'Wayne',
'Weihong',
'Whin',
'Wiktor',
'Wilco',
'Wilde',
'Wilhelmus',
'Willem',
'William-Luke',
'Willoughby',
'Willow',
'Winner',
'Winnie',
'Winston',
'Wojciech',
'Wolfe',
'Wolfie',
'Wolfjack',
'Wrath',
'Wull',
'Wyn',
'Wynter',
'Xanthus',
'Xen',
'Yadiel',
'Yaequb',
'Yago',
'Yagyin',
'Yakup',
'Yannis',
'Yared',
'Yari',
'Yasiin',
'Yasir',
'Yeshua',
'Yiannis',
'Yiorgos',
'Yoann',
'Yonah',
'Yosef',
'Youvaan',
'Yunes',
'Yusha',
'Yuveer',
'Yuvin',
'Yuvraj',
'Zacary',
'Zaccai',
'Zacchariah',
'Zacharia',
'Zachary-Blue',
'Zachary-Dawhes',
'Zade',
'Zaiah',
'Zaidan',
'Zaidon',
'Zainedeen',
'Zaiyaan',
'Zakari',
'Zakhai',
'Zander-Blu',
'Zandyer',
'Zareef',
'Zarmaash',
'Zaur',
'Zaviyaar',
'Zayde',
'Zayn-Ul-Abideen',
'Zayvian',
'Zayyar',
'Zebedee',
'Zente',
'Zeplin',
'Zi',
'Ziaad',
'Ziad',
'Zidaan',
'Zidane',
'Zigmund',
'Zirachukwu',
'Zishan',
'Ziv',
'Ziyad',
'Zohaib',
'Zoltan',
'Zoraiz',
'Zorayz',
'Zulfiqar',
'Zyon',
'Olivia',
'Emily',
'Isla',
'Freya',
'Ella',
'Amelia',
'Ava',
'Sophie',
'Grace',
'Millie',
'Lily',
'Sophia',
'Charlotte',
'Rosie',
'Aria',
'Evie',
'Maisie',
'Lucy',
'Mia',
'Eilidh',
'Ellie',
'Ivy',
'Orla',
'Jessica',
'Harper',
'Maya',
'Willow',
'Georgia',
'Daisy',
'Sofia',
'Mila',
'Isabella',
'Ruby',
'Hannah',
'Skye',
'Sienna',
'Molly',
'Hallie',
'Bonnie',
'Poppy',
'Eva',
'Esme',
'Anna',
'Ayla',
'Erin',
'Callie',
'Zara',
'Layla',
'Emma',
'Robyn',
'Chloe',
'Zoe',
'Holly',
'Alice',
'Amber',
'Emilia',
'Gracie',
'Elsie',
'Lottie',
'Niamh',
'Thea',
'Phoebe',
'Bella',
'Cora',
'Summer',
'Iona',
'Imogen',
'Luna',
'Hope',
'Ada',
'Rose',
'Maeve',
'Abigail',
'Katie',
'Lyla',
'Myla',
'Quinn',
'Remi',
'Mirren',
'Indie',
'Florence',
'Hollie',
'Penelope',
'Flora',
'Georgie',
'Harlow',
'Aurora',
'Lexi',
'Heidi',
'Eden',
'Scarlett',
'Violet',
'Alba',
'Blake',
'Rowan',
'Arabella',
'Ayda',
'Lara',
'Lilly',
'Aila',
'Brooke',
'Mollie',
'Sadie',
'Rebecca',
'Ailsa',
'Evelyn',
'Gabriella',
'Piper',
'Darcie',
'Lillie',
'Lola',
'Elizabeth',
'Riley',
'Kayla',
'Lucia',
'Maria',
'Aaliyah',
'Penny',
'Rosa',
'Aoife',
'Amelie',
'Eve',
'Iris',
'Matilda',
'Orlagh',
'Amy',
'Cara',
'Eleanor',
'Julia',
'Nina',
'Leah',
'Lucie',
'Mya',
'River',
'Annie',
'Nova',
'Orlaith',
'Clara',
'Elise',
'Faith',
'Frankie',
'Halle',
'Rhea',
'Sarah',
'Lyra',
'Madison',
'Marnie',
'Nora',
'Connie',
'Elena',
'Eliza',
'Maeva',
'Hanna',
'Olive',
'Saoirse',
'April',
'Eloise',
'Fiadh',
'Paige',
'Addison',
'Cali',
'Jasmine',
'Skylar',
'Abbie',
'Autumn',
'Billie',
'Blair',
'Delilah',
'Isobel',
'Maddison',
'Mara',
'Peyton',
'Sara',
'Arya',
'Hazel',
'Libby',
'Ariana',
'Blaire',
'Edith',
'Harriet',
'Jessie',
'Margot',
'Martha',
'Rachel',
'Rae',
'Savannah',
'Ciara',
'Darcey',
'Darcy',
'Tilly',
'Cleo',
'Effie',
'Everly',
'Lacey',
'Marley',
'Nola',
'Norah',
'Alyssa',
'Bethany',
'Elle',
'Emilie',
'Francesca',
'Harley',
'Hayley',
'Arla',
'Caitlin',
'Ellis',
'Isabelle',
'Laura',
'Lena',
'Mabel',
'Pippa',
'Raya',
'Wynter',
'Zoey',
'Astrid',
'Bailey',
'Esmae',
'Faye',
'Jorgie',
'Lois',
'Mylah',
'Neve',
'Reeva',
'Alexandra',
'Ariella',
'Freyja',
'Hailey',
'Lana',
'Macie',
'Maggie',
'Naomi',
'Nevaeh',
'Victoria',
'Wren',
'Annabelle',
'Avery',
'Cassie',
'Edie',
'Ella-Rose',
'Elodie',
'Kiara',
'Lydia',
'Maja',
'Aimee',
'Amara',
'Brianna',
'Emmie',
'Fatima',
'Fern',
'Kali',
'Keira',
'Klara',
'Lilah',
'Maia',
'Mary',
'Nancy',
'Payton',
'Romy',
'Sylvie',
'Alana',
'Amelia-Rose',
'Arianna',
'Beth',
'Breagha',
'Louisa',
'Maci',
'Maryam',
'Nieve',
'Romi',
'Stella',
'Una',
'Valentina',
'Allie',
'Anastasia',
'Belle',
'Eliana',
'Ferne',
'Kallie',
'Liliana',
'Megan',
'Mirha',
'Nellie',
'Zofia',
'Zoya',
'Anaya',
'Annabel',
'Brooklyn',
'Caoimhe',
'Fallon',
'Fearne',
'Heather',
'Islay',
'Livia',
'Macy',
'Morven',
'Nell',
'Noa',
'Noor',
'Novah',
'Robin',
'Talia',
'Vaila',
'Adeline',
'Dakota',
'Felicity',
'Josephine',
'Laila',
'Lexie',
'Mariam',
'Meadow',
'Miley',
'Taylor',
'Winter',
'Zuzanna',
'Aisha',
'Alaya',
'Ariah',
'Aurelia',
'Catherine',
'Charley',
'Demi',
'Esther',
'Gracie-Mae',
'Izzy',
'Josie',
'Joy',
'Kady',
'Lauren',
'Leila',
'Lylah',
'Melody',
'Nia',
'Nuala',
'Nyla',
'Ottilie',
'Pola',
'Theia',
'Alaia',
'Anya',
'Ayat',
'Ebony',
'Emelia',
'Emmy',
'Gabriela',
'Isabel',
'Joni',
'Juliette',
'Leia',
'Lia',
'Lila',
'Lily-Rose',
'Madeleine',
'Margaret',
'Morgan',
'Nadia',
'Naya',
'Oliwia',
'Rebekah',
'Remy',
'Roma',
'Skyler',
'Alayah',
'Alex',
'Alexis',
'Aliyah',
'Amaya',
'Amira',
'Ariya',
'Ava-Rose',
'Ayah',
'Ayva',
'Beatrice',
'Charli',
'Ella-Mae',
'Ellie-Mae',
'Erica',
'Everleigh',
'Farrah',
'Georgina',
'Gianna',
'Helena',
'Ivy-Rose',
'Kate',
'Kennedy',
'Maddie',
'Madeline',
'Maisy',
'Mhairi',
'Myah',
'Nylah',
'Paisley',
'Polly',
'Rylee',
'Zainab',
'Abby',
'Ailish',
'Aine',
'Aleena',
'Amal',
'Amina',
'Angel',
'Antonina',
'Arwen',
'Athena',
'Aya',
'Ayra',
'Beau',
'Carla',
'Cassidy',
'Catriona',
'Charlie',
'Claudia',
'Darci',
'Ellen',
'Farah',
'Freja',
'Honor',
'India',
'Jenny',
'Juniper',
'Juno',
'Khloe',
'Lacie',
'Lilith',
'Mairi',
'Marla',
'Milena',
'Mira',
'Miriam',
'Nelly',
'Perrie',
'Roisin',
'Romie',
'Ryleigh',
'Skyla',
'Sofie',
'Tara',
'Tillie',
'Vienna',
'Winnie',
'Adley',
'Ailie',
'Alessia',
'Alicia',
'Alma',
'Amayah',
'Andi',
'Aspen',
'Aubrey',
'Aura',
'Avah',
'Avie',
'Blossom',
'Camille',
'Carmen',
'Cecilia',
'Cerys',
'Christina',
'Diana',
'Esmee',
'Hania',
'Harlie',
'Harper-Rose',
'Hiba',
'Jorja',
'Kaia',
'Kaitlyn',
'Katherine',
'Kayleigh',
'Kendall',
'Kyra',
'Liyana',
'Mackenzie',
'Malia',
'Marcie',
'May',
'Minnie',
'Natalia',
'Ophelia',
'Pyper',
'Reya',
'Storm',
'Yasmin',
'Adalyn',
'Adelaide',
'Ailey',
'Alaina',
'Alayna',
'Alina',
'Alisha',
'Alix',
'Amalia',
'Amirah',
'Ana',
'Annalise',
'Antonia',
'Aubree',
'Ayesha',
'Bianca',
'Bridget',
'Camilla',
'Carly',
'Carys',
'Casey',
'Cassandra',
'Charis',
'Constance',
'Darby',
'Dorothy',
'Eilish',
'Elif',
'Elspeth',
'Ember',
'Emilija',
'Emme',
'Erika',
'Eryn',
'Etta',
'Frances',
'Giovanna',
'Hadley',
'Halima',
'Harmony',
'Henrietta',
'Honey',
'Irha',
'Jennifer',
'Juliet',
'Karis',
'Kaya',
'Khadija',
'Leona',
'Lori',
'Louise',
'Luisa',
'Macey',
'Marlowe',
'Miya',
'Monica',
'Monroe',
'Nyah',
'Oonagh',
'Parker',
'Philippa',
'Phoenix',
'Presley',
'Raina',
'Rayna',
'Rayne',
'Reese',
'Rosalie',
'Rylie',
'Samantha',
'Sasha',
'Sloane',
'Tia',
'Aiyla',
'Alanna',
'Alannah',
'Alara',
'Aleigha',
'Alicja',
'Alivia',
'Andie',
'Arwa',
'Audrey',
'Beatrix',
'Blayke',
'Breagh',
'Briana',
'Briar',
'Caledonia',
'Calla',
'Carrie',
'Chiara',
'Clementine',
'Dahlia',
'Dani',
'Daria',
'Drew',
'Dua',
'Eira',
'Elisa',
'Emily-Rose',
'Emmeline',
'Enid',
'Evangeline',
'Fatimah',
'Fleur',
'Gabrielle',
'Hana',
'Harleigh',
'Inaaya',
'Izabella',
'Jenna',
'Jess',
'Kacey',
'Kaci',
'Kaja',
'Kara',
'Kasey',
'Kathryn',
'Keeva',
'Kelsey',
'Kiana',
'Kiera',
'Kyla',
'Kylie',
'Laiba',
'Lili',
'Lilian',
'Lillian',
'Lily-Mae',
'Luciana',
'Mae',
'Maizie',
'Marcella',
'Mckenzie',
'Melanie',
'Melissa',
'Merida',
'Mirryn',
'Murron',
'Mylie',
'Myra',
'Natalie',
'Ocean',
'Oriana',
'Orlah',
'Pearl',
'Pixie',
'Primrose',
'Priscilla',
'Raven',
'Rhia',
'Rhiannon',
'Rue',
'Ruth',
'Savanna',
'Shelby',
'Sierra',
'Sorcha',
'Stephanie',
'Tabitha',
'Tessa',
'Tianna',
'Yara',
'Yasmine',
'Zahra',
'Zuri',
'Aaliya',
'Aarya',
'Abi',
'Adalynn',
'Addilyn',
'Afton',
'Aida',
'Airlie',
'Aizah',
'Aliza',
'Amyra',
'Araya',
'Ari',
'Aria-Rose',
'Ariyah',
'Bella-Rose',
'Betty',
'Bianka',
'Blythe',
'Bonny',
'Breanna',
'Bree',
'Brodie',
'Caitlyn',
'Calli',
'Camryn',
'Celeste',
'Clemmie',
'Clodagh',
'Courtney',
'Daisie',
'Daniela',
'Danielle',
'Daphne',
'Darcie-Leigh',
'Delia',
'Devon',
'Dixie',
'Dylan',
'Eabha',
'Elliana',
'Fia',
'Fiona',
'Gia',
'Gigi',
'Giulia',
'Gloria',
'Hafsa',
'Hailie',
'Haleema',
'Haniya',
'Hattie',
'Hayleigh',
'Helen',
'Iga',
'Ilinca',
'Iman',
'Inaya',
'Indi',
'Indy',
'Iqra',
'Ivie',
'Jamie',
'Jannat',
'Joanie',
'Jorgia',
'Joyce',
'Jura',
'Kacie',
'Kadie',
'Katy',
'Kelsie',
'Kendal',
'Kira',
'Kornelia',
'Kylah',
'Kyrah',
'Laci',
'Laylah',
'Lea',
'Leen',
'Leena',
'Liana',
'Lilia',
'Lillie-Mae',
'Lilly-Mae',
'Lina',
'Lotti',
'Luna-Mae',
'Luna-Rose',
'Maira',
'Mairead',
'Marcelina',
'Margaux',
'Margo',
'Marina',
'Meabh',
'Meredith',
'Milana',
'Millie-Mae',
'Murren',
'Neave',
'Neive',
'Nel',
'Neva',
'Octavia',
'Olivia-Rose',
'Pennie',
'Raegan',
'Raine',
'Renee',
'Renesmee',
'Riya',
'Romey',
'Roux',
'Runa',
'Saanvi',
'Safa',
'Sana',
'Scout',
'Seren',
'Serena',
'Shahd',
'Shanzay',
'Sidra',
'Siena',
'Stevi',
'Stevie',
'Sunday',
'Sunny',
'Syeda',
'Tahlia',
'Tallulah',
'Tamara',
'Theodora',
'Tiana',
'Umaiza',
'Vanessa',
'Veronica',
'Vivien',
'Aalayah',
'Aayat',
'Abbi',
'Adaline',
'Addie',
'Adele',
'Agatha',
'Agnes',
'Ailidh',
'Alaa',
'Alaiya',
'Aleah',
'Aleeza',
'Alia',
'Alisa',
'Alison',
'Aliya',
'Ally',
'Alya',
'Alyssia',
'Amanda',
'Ameera',
'Amelia-Grace',
'Aminah',
'Amiyah',
'Amna',
'Anayah',
'Aniela',
'Anika',
'Annabella',
'Anouk',
'Aoibhinn',
'Ara',
'Ariadne',
'Arie',
'Arlo',
'Asa',
'Ashleigh',
'Ava-Grace',
'Averie',
'Aylah',
'Ayzal',
'Azra',
'Bea',
'Beatriz',
'Blakely',
'Blu',
'Bobbi',
'Boe',
'Brogan',
'Callie-Rose',
'Carina',
'Carlotta',
'Cassia',
'Chelsea',
'Claire',
'Coco',
'Colette',
'Corrin',
'Dana',
'Darla',
'Deryn',
'Dominika',
'Dora',
'Eileen',
'Eiliyah',
'Eimear',
'Eireann',
'Eleen',
'Eleni',
'Elina',
'Elisha',
'Elli',
'Ellie-Rose',
'Elliot',
'Elora',
'Elowen',
'Emeline',
'Emerald',
'Emie',
'Eris',
'Esme-Grace',
'Estelle',
'Evana',
'Everley',
'Faryn',
'Franki',
'Gaia',
'Genevieve',
'Giorgia',
'Goldie',
'Greta',
'Gwendolyn',
'Haley',
'Halimah',
'Harli',
'Harloh',
'Harper-Leigh',
'Havana',
'Hayden',
'Hoorain',
'Ida',
'Inara',
'Indiana',
'Indigo',
'Ines',
'Ingrid',
'Innes',
'Ishbel',
'Isobella',
'Isra',
'Ivory',
'Jaime',
'Jane',
'Jemima',
'Joanna',
'Jodie',
'Kailah',
'Kalli',
'Kenna',
'Kenzie',
'Kinley',
'Laiya',
'Laya',
'Layan',
'Lennox',
'Leonora',
'Leyla',
'Lilianna',
'Lilidh',
'Lilly-Anne',
'Lily-May',
'Liv',
'Lorelei',
'Lorenza',
'Loretta',
'Lucy-Mae',
'Lula',
'Mali',
'Mallie',
'Marika',
'Marlie',
'Matylda',
'Maura',
'Mayah',
'Meila',
'Miah',
'Michelle',
'Mila-Rose',
'Milan',
'Milania',
'Minha',
'Minsa',
'Miraal',
'Morag',
'Nara',
'Neela',
'Nella',
'Niah',
'Nikola',
'Nirvana',
'Noah',
'Noelle',
'Nour',
'Oakleigh',
'Odette',
'Olivia-Mae',
'Oona',
'Praise',
'Princess',
'Rameen',
'Ramona',
'Rawan',
'Rhianna',
'Rhona',
'Ria',
'Rital',
'Romilly',
'Ronnie',
'Rosanna',
'Rosie-Mae',
'Rowyn',
'Roza',
'Rozalia',
'Safaa',
'Safia',
'Sage',
'Sally',
'Sapphire',
'Saylor',
'Scarlet',
'Selene',
'Sia',
'Sula',
'Summer-Rose',
'Susannah',
'Susie',
'Sydney',
'Teddi',
'Teresa',
'Tess',
'Thalia',
'Tiara',
'Valeria',
'Venus',
'Vera',
'Verity',
'Vida',
'Wiktoria',
'Winifred',
'Xanthe',
'Yuna',
'Zaina',
'Zaynab',
'Zeynep',
'Zirwa',
'Zoha',
'Zola',
'Aaima',
'Aaishah',
'Abbey',
'Abeeha',
'Abiha',
'Adalia',
'Adelina',
'Adelyn',
'Adriana',
'Aela',
'Agata',
'Aiman',
'Ainsley',
'Aiza',
'Alba-Rose',
'Alea',
'Aleia',
'Aleisha',
'Aleksandra',
'Alesia',
'Alexa',
'Alexia',
'Alise',
'Alissa',
'Alora',
'Alyth',
'Amayra',
'Amber-Rose',
'Amelia-Mae',
'Amera',
'Amia',
'Amnah',
'Amora',
'Amrit',
'Anabel',
'Anabella',
'Anagha',
'Anais',
'Angelina',
'Ann',
'Anna-Maria',
'Annalisa',
'Aoibhe',
'Aqsa',
'Arabel',
'Arabelle',
'Aria-Grace',
'Arin',
'Arlah',
'Arlie',
'Arya-Rose',
'Ashley',
'Asmaa',
'Aurora-Grace',
'Autumn-Rose',
'Ava-Jay',
'Ava-Mae',
'Avannah',
'Aviana',
'Avianah',
'Ayeza',
'Aylie',
'Aylin',
'Ayrah',
'Azariah',
'Azaylia',
'Azzurra',
'Bailee',
'Baileigh',
'Bailie',
'Barbora',
'Bayan',
'Betsy',
'Binta',
'Blaike',
'Blanka',
'Blayr',
'Bloom',
'Bonnie-Leigh',
'Bonnie-Rose',
'Bow',
'Brenna',
'Briah',
'Briar-Rose',
'Brielle',
'Brooklynn',
'Brora',
'Cadence',
'Cadhla',
'Calley',
'Calliope',
'Cameron',
'Camila',
'Carlie',
'Carmela',
'Caroline',
'Catie',
'Cecelia',
'Celine',
'Charlee',
'Charmaine',
'Chimamanda',
'Cindy',
'Clarke',
'Clover',
'Colbie',
'Coral',
'Cordelia',
'Corinne',
'Croia',
'Daisy-Mae',
'Daisy-May',
'Darcii',
'Darlah',
'Darragh',
'Darrah',
'Deborah',
'Defne',
'Denver',
'Destiny',
'Devin',
'Diamante',
'Dina',
'Dior',
'Divisha',
'Dolly',
'Duffy',
'Dusty',
'Elaia',
'Elaya',
'Elayna',
'Eleonora',
'Elia',
'Elisabeth',
'Elisabetta',
'Eliya',
'Ella-Mai',
'Ella-May',
'Ellianna',
'Ellie-Grace',
'Eloisa',
'Elsa',
'Elsie-Mae',
'Elyse',
'Elysia',
'Ema',
'Emelie',
'Emery',
'Emi',
'Emillie',
'Emily-Mae',
'Emmarose',
'Ensley',
'Eowyn',
'Erinn',
'Ersa',
'Esha',
'Eshaal',
'Eshal',
'Esmae-Rose',
'Esme-Rose',
'Esmie',
'Euphemia',
'Evelina',
'Faatiha',
'Fallyn',
'Falyn',
'Fatema',
'Fatou',
'Fearn',
'Ffion',
'Fionnuala',
'Florie',
'Florrie',
'Freya-Rose',
'Frieda',
'Gabija',
'Gaja',
'Georgia-Mae',
'Giana',
'Gracie-May',
'Greer',
'Gurmehar',
'Gwyneth',
'Hajrah',
'Halley',
'Halli',
'Hareem',
'Harlee',
'Harleen',
'Harley-Rose',
'Harlyn',
'Harper-Grace',
'Haya',
'Hayat',
'Hollie-Mae',
'Huda',
'Husna',
'Ilaria',
'Inayah',
'Io',
'Isadora',
'Isla-Rose',
'Ivy-Grace',
'Iyla',
'Izzi',
'Izzie',
'Jacqueline',
'Jada',
'Jamilah',
'Jannah',
'Jaynie',
'Jazmine',
'Jeannie',
'Jessika',
'Joan',
'Jolie',
'Jordyn',
'Jorga',
'Jorji',
'Joss',
'Jowita',
'Judy',
'Julianna',
'Jumana',
'June',
'Kadi',
'Kadie-Leigh',
'Kairi',
'Kalina',
'Kami',
'Kamie',
'Kamryn',
'Karina',
'Karli',
'Karolina',
'Kassandra',
'Kataleya',
'Katarina',
'Katerina',
'Kaylin',
'Keiana',
'Kelly',
'Kendra',
'Kenzi',
'Kerris',
'Khadeeja',
'Khadijah',
'Khalilah',
'Kimberley',
'Kimberly',
'Kirsten',
'Kirsty',
'Klaudia',
'Lacey-Mae',
'Lainey',
'Lake',
'Lanah',
'Lashika',
'Laurel',
'Laurie',
'Layla-Rose',
'Leanna',
'Leigh',
'Leilani',
'Leonie',
'Leora',
'Lesley',
'Lexi-Louise',
'Leya',
'Lidia',
'Lilli',
'Lillia',
'Lillie-Ann',
'Lilly-May',
'Lilly-Rose',
'Lillyanna',
'Lily-Anne',
'Lily-Grace',
'Lily-Jane',
'Lilyana',
'Lilyrose',
'Linnea',
'Lisa',
'Livie',
'Lizzie',
'Logan',
'Lorelai',
'Loreta',
'Lotta',
'Luci',
'Luiza',
'Lyla-Mae',
'Magdalene',
'Mai',
'Maicie',
'Mailey',
'Maisie-Leigh',
'Malaika',
'Malea',
'Malika',
'Malin',
'Mallory',
'Mankirat',
'Mannat',
'Marci',
'Marianna',
'Marisol',
'Marni',
'Marsali',
'Marta',
'Mathilda',
'Mathilde',
'Maude',
'Mckenna',
'Meela',
'Melania',
'Melina',
'Melis',
'Melodie',
'Mercy',
'Merryn',
'Michaela',
'Milah',
'Milla',
'Milli',
'Millicent',
'Milly',
'Mina',
'Minahil',
'Minal',
'Miracle',
'Mirin',
'Mirrin',
'Miryn',
'Mischa',
'Misha',
'Missy',
'Moira',
'Murrin',
'Nadine',
'Naila',
'Naimal',
'Nala',
'Nancie',
'Naoise',
'Neeva',
'Nefeli',
'Nela',
'Nevada',
'Nicole',
'Niyah',
'Noemi',
'Nylah-Rose',
'Nyra',
'Oakley',
'Oaklyn',
'Ola',
'Olga',
'Olivia-Grace',
'Olivia-Jade',
'Olivija',
'Orla-Rae',
'Otilia',
'Ottalie',
'Paityn',
'Paris',
'Paula',
'Peighton',
'Peigi',
'Peri',
'Perri',
'Pia',
'Poppie',
'Pranvi',
'Priya',
'Raeghan',
'Raevyn',
'Rea',
'Rebeca',
'Rebel',
'Reem',
'Reevah',
'Reeve',
'Reign',
'Renn',
'Rey',
'Reyah',
'Rhyleigh',
'Rinoa',
'Rio',
'Riva',
'River-Rose',
'Roe',
'Romee',
'Rona',
'Roni',
'Rori',
'Rosemary',
'Roslyn',
'Roxy',
'Rubie',
'Ryan',
'Ryver',
'Sabina',
'Sabrina',
'Saffa',
'Saffron',
'Sahlah',
'Samar',
'Samira',
'Sandi',
'Sandie',
'Sanna',
'Selin',
'Shaina',
'Sharon',
'Shaunie',
'Shea',
'Shelly',
'Shreya',
'Shyla',
'Sidney',
'Sienna-Rose',
'Skylar-Rose',
'Sofia-Rose',
'Solveig',
'Star',
'Starr',
'Stormi',
'Stormy',
'Sumaya',
'Sumayyah',
'Sunni',
'Susanna',
'Sylvia',
'Symphony',
'Tala',
'Taliya',
'Tamzin',
'Tanitoluwa',
'Taryn',
'Tasneem',
'Teddy',
'Teigan',
'Terri',
'Theadora',
'Tiaraoluwa',
'Tiegan',
'Tiffany',
'Tillia',
'Tina',
'Toni',
'Tori',
'Tova',
'Tulla',
'Uma',
'Urwa',
'Valencia',
'Viktoria',
'Vivienne',
'Vogue',
'Wanda',
'Wania',
'Waniya',
'Weronika',
'Willa',
'Willow-Grace',
'Willow-Rose',
'Yi',
'Yusra',
'Yvaine',
'Yvonne',
'Zaniyah',
'Zelda',
'Zelie',
'Zita',
'Zoie',
'Zosia',
'Zyra',
'Aishah',
'Amayah',
'Aafiyah',
'Aagya',
'Aahana',
'Aahna',
'Aaira',
'Aaisha',
'Aalaia',
'Aalayah-Rose',
'Aaleya',
'Aaliysha',
'Aamal',
'Aamaya',
'Aamiya',
'Aanya',
'Aaradhya',
'Aarah',
'Aari',
'Aaria',
'Aariah',
'Aarika',
'Aarna',
'Aarvi',
'Aaryah',
'Aayla',
'Abbigail',
'Abidah',
'Abira',
'Abrar',
'Acacia-Rose',
'Adaeze',
'Adaira',
'Adaley',
'Adam',
'Adara',
'Adarae',
'Addison-Leigh',
'Addison-Rose',
'Addisyn',
'Addyson',
'Adeera',
'Adelle',
'Adenola',
'Aderinsola',
'Aderyn-Manon',
'Adesuwa',
'Adhira',
'Adi-Rose',
'Adiah',
'Adieleigh',
'Adiley',
'Adina',
'Adithi',
'Adiva',
'Adler',
'Adley-Rose',
'Adore',
'Adrija',
'Adrika',
'Adviti',
'Aelah',
'Aemilia',
'Aenara',
'Aerith',
'Aeryn',
'Afiyah',
'Afnan',
'Afrah',
'Afreen',
'Africa',
'Afrin',
'Agota',
'Ahaana',
'Ahana',
'Ahriyah',
'Aibhlin',
'Aifa',
'Aifric',
'Aikam',
'Aiko',
'Ailbhe',
'Aileen',
'Aileigh',
'Ailith',
'Ailsa-Leigh',
'Ailsa-Rose',
'Ailya',
'Aima',
'Aimee-Ross',
'Aina-Michelle',
'Ainslie',
'Aiona',
'Airlea',
'Airley',
'Aishah',
'Aisla',
'Aisla-Ray',
'Aisling',
'Aithne',
'Aiva',
'Aiyla-Noor',
'Aiylish',
'Aiza-Nur',
'Ajwa',
'Akifah',
'Akira',
'Akua',
'Akyedze',
'Ala',
'Alaaya',
'Alanagh',
'Alanis',
'Alaria',
'Alaska',
'Albertine',
'Albie',
'Aleeha',
'Aleesha',
'Aleiah',
'Alem',
'Alesha',
'Alessandra',
'Alessi',
'Alethea',
'Alexandria',
'Alexandrina',
'Aleyah',
'Alfiya',
'Ali',
'Alia-Zahra',
'Alianah',
'Alima',
'Aline',
'Alisar',
'Alishba',
'Alisia',
'Aliviah',
'Aliviya',
'Alixandra',
'Aliyah-Jane',
'Aliyana',
'Allae',
'Allana',
'Allanda',
'Alley',
'Alli',
'Allora',
'Alloweigh',
'Almathea',
'Alora-Lilly',
'Altea',
'Althea',
'Aluna',
'Alva',
'Alvah',
'Alveigh',
'Alyana',
'Alyanah',
'Alyesha',
'Alyna',
'Alyra',
'Alys',
'Alysha',
'Alyssa-May',
'Alyx',
'Ama',
'Amaal',
'Amaia',
'Amaira',
'Amaisha',
'Amaiyah',
'Amala',
'Amallie',
'Amanavpreet',
'Amani',
'Amarah',
'Amari',
'Amariyah',
'Amber-Leigh',
'Amberly',
'Ambyr',
'Amecia',
'Ameena',
'Ameerah',
'Ameila',
'Amel',
'Amelia-Ann',
'Amelia-Jane',
'Amelia-Jupiter',
'Ameliah',
'Amellia',
'Ameyah',
'Amie',
'Amiee',
'Amiila',
'Amiliah',
'Amira-Grace',
'Amunet',
'Amy-Leigh',
'Amy-Rose',
'Amyah',
'Anabelle',
'Anabia',
'Anain',
'Anais-Maria',
'Anaisa',
'Anaisha',
'Analeigh',
'Anastasia-Ioana',
'Anatolia',
'Anaye',
'Anayka',
'Anays',
'Andi-Louise',
'Andi-Rose',
'Andie-Jo',
'Andie-Marie',
'Andreja',
'Aneira',
'Aneta',
'Anete',
'Angel-Leigh',
'Angelica',
'Angelika',
'Angharad',
'Ani',
'Ania',
'Anila',
'Anira',
'Anisa',
'Anisha',
'Anisia',
'Aniyah',
'Anja',
'Anmolpreet',
'Anna-Leah',
'Anna-Leigh',
'Anna-Lisa',
'Anna-Rose',
'Anna-Sophia',
'Annabell',
'Annabelle-Rose',
'Anne',
'Anne-Marie',
'Anneia',
'Anneke',
'Anneliese',
'Annelise',
'Annie-May',
'Annie-Rose',
'Annika',
'Anrine',
'Ansley',
'Anum',
'Anvika',
'Anwen',
'Aobh',
'Aoibh',
'Aoibheann',
'Aoibhin',
'Aoife-Rose',
'Aphra',
'Apollonia',
'Apolonia',
'Apostolia',
'Apryl',
'Aquamarine',
'Arabella-Rae',
'Aradhana',
'Araluen',
'Aran',
'Aranya',
'Archi',
'Ardaas',
'Arden',
'Ardyn',
'Areesha',
'Ari-Isabella',
'Aria-Jane',
'Aria-Mae',
'Aria-Paisley',
'Aria-Saoirse',
'Aria-Skye',
'Ariah-Grace',
'Ariam',
'Ariana-Nicole',
'Arianna-Jolie',
'Ariannah',
'Arianne',
'Aribella',
'Ariel',
'Arielle',
'Arifa',
'Arisha',
'Arissa',
'Ariya-Ray',
'Ariyana',
'Ariyella',
'Arizona',
'Arla-Rose',
'Arlagh',
'Arleah',
'Arley',
'Arli',
'Arlianna',
'Arlo-Moon',
'Armiya',
'Arna',
'Aroosh',
'Aroush',
'Arrianna',
'Arsema',
'Arshpreet',
'Artemis',
'Aruna',
'Arusha',
'Arvani',
'Aryael',
'Aryah',
'Aryana',
'Aryanna',
'Aryia',
'Aryn',
'Arzoe',
'Asal',
'Aseel',
'Asees',
'Asel',
'Asha',
'Ashlan',
'Ashlyn',
'Ashmi',
'Ashreena',
'Ashton',
'Ashvi',
'Asia',
'Asinat',
'Asna',
'Aspyn',
'Assi',
'Asteria',
'Astri',
'Astyn-Layke',
'Aswah',
'Ataazahra',
'Atenais',
'Athea',
'Athina',
'Atiya',
'Atlas',
'Atlegang',
'Aubree-Amani',
'Aubree-Rose',
'Aubrey-Rose',
'Aubrie',
'Audriana',
'Augustine',
'Aurelie',
'Aurena',
'Aurla',
'Aurora-Beau',
'Aurra',
'Auryn',
'Autumn-Grace',
'Ava-Leigh',
'Ava-Lilly',
'Ava-May',
'Avabella',
'Avah-Mae',
'Avaia-Rose',
'Avaleigh',
'Avareigh-Rose',
'Avary',
'Aveline',
'Averly',
'Avery-Mae',
'Avia',
'Avianna',
'Avianna-Rose',
'Avie-Mae',
'Aviey',
'Avika',
'Avineet',
'Avive',
'Avjot',
'Avlin',
'Avni',
'Avril',
'Avyanna',
'Awin',
'Ayala',
'Ayame',
'Ayamma',
'Ayana',
'Ayanna',
'Ayannah',
'Ayda-James',
'Ayda-Olivia',
'Ayda-Ray',
'Ayda-Rose',
'Aydah',
'Aydan',
'Ayianna',
'Ayla-Frankie',
'Ayla-Grace',
'Ayla-Jade',
'Ayla-Mae',
'Ayla-Rose',
'Aylaih',
'Aylarae',
'Ayleigh',
'Ayliffe',
'Aymelia',
'Ayotomiwa',
'Ayrin',
'Ayva-Louise',
'Ayvah',
'Ayzel',
'Azalea',
'Azaliah',
'Azaria',
'Aziza',
'Azura',
'Azya',
'Azzure-Iya',
'Baani',
'Babi',
'Babyann',
'Badiya',
'Baee',
'Bali',
'Bami',
'Banah',
'Banateanca',
'Baneet',
'Bani',
'Bareerah',
'Baru',
'Basia',
'Bayleigh',
'Baylie',
'Beata',
'Beattie',
'Beaux',
'Bee',
'Beitris',
'Bekka',
'Belen',
'Belinda',
'Bella-Hope',
'Bella-Lea',
'Bella-May',
'Bella-Rae',
'Beri',
'Bernadette',
'Bernardette',
'Berry',
'Besan',
'Bethan',
'Bethaneigh',
'Bethanie',
'Bethel',
'Bethelhem',
'Betsie',
'Beulah',
'Beverley',
'Beyant',
'Bhaavya',
'Bhraelyn',
'Bhuvika',
'Bibi',
'Bigyani',
'Billie-Beau',
'Billie-Capri',
'Billie-Georgia',
'Billie-Jai',
'Billie-Louise',
'Billie-Rae',
'Billie-Renei',
'Binx',
'Biranna',
'Birdie',
'Birdy',
'Bisheshta',
'Bisma',
'Bitania',
'Blaine',
'Blaise',
'Blaithin',
'Blakley',
'Blane',
'Blare',
'Blau',
'Blayk',
'Blayne',
'Blayre',
'Bleubelle',
'Bliss',
'Bluebelle',
'Blyth',
'Bobbie',
'Bobbie-Mae',
'Bodhi',
'Boglarka',
'Bonni',
'Bonnie-Lin',
'Bonnie-Rae',
'Boston',
'Boudica',
'Bowie',
'Bradley',
'Braelynn',
'Braya',
'Brayah',
'Breah',
'Brenia',
'Bria',
'Briani',
'Brianna-Lea',
'Briannah',
'Briannamarie',
'Brida',
'Brie',
'Briegh',
'Briella',
'Brighde',
'Briony',
'Brodie-Leigh',
'Brogan-Marie',
'Bronte',
'Bronwen',
'Bronwyn',
'Brooklyn-Ann',
'Bryanna',
'Bryar-Loch',
'Bryeanne',
'Brylee',
'Bryn',
'Bushra',
'Bushraa',
'Cadha',
'Caelan',
'Caia',
'Cailin',
'Cairn',
'Cairo',
'Caitlynn',
'Calaidh',
'Calee',
'Caleigh',
'Cali-Mae',
'Cali-Rey',
'Cali-Rose',
'Calia',
'Callia',
'Callie-J',
'Callie-Rae',
'Cally',
'Camae',
'Camdyn',
'Cammie',
'Candela',
'Candice',
'Candy',
'Caoimhe-Mae',
'Caprice',
'Cara-Lena',
'Caragh',
'Carissa',
'Carleigh',
'Carley',
'Carol',
'Carolina',
'Casi',
'Cass',
'Cassie-Rose',
'Catalina',
'Catelyn-Ann',
'Caterina',
'Catey',
'Cathy',
'Cattleya',
'Cavalli',
'Cayden',
'Caylah',
'Cece',
'Cece-Rose',
'Cecile',
'Cedar',
'Celina',
'Celyn',
'Ceryn-Elizabeth',
'Chanel',
'Chanleigh',
'Chanthip',
'Charlee-Ann',
'Charlene',
'Charlette',
'Charley-Leigh',
'Charli-Anne',
'Charli-May',
'Charlize',
'Charlotte-Emma',
'Charlotte-Louise',
'Chawan',
'Chayce-Leah',
'Che',
'Chelsie',
'Cheralea-Anne',
'Chetana',
'Chidum',
'Chinaza',
'Chinyere',
'Chioma',
'Chione',
'Chisom',
'Chizaram',
'Chiziterem',
'Chloe-Ava',
'Chloerose',
'Chrissie-Mae',
'Christa',
'Christabel',
'Christie',
'Christine',
'Cianna',
'Ciara-May',
'Cici',
'Cienna-Raign',
'Cienna-Rose',
'Cierra-Rose',
'Clara-May',
'Clara-Rose',
'Clare',
'Claren',
'Clarissa',
'Clea',
'Cleagh',
'Clemmy',
'Cliodhna',
'Cocohuay',
'Colleen',
'Collins',
'Connie-Grace',
'Conny',
'Constance-Jane',
'Cora-Leigh',
'Cora-Mae',
'Corah',
'Coraline',
'Corin',
'Cornelia',
'Corrah',
'Corran',
'Corrie',
'Cosima',
'Cove',
'Cree',
'Cristina',
'Cyd',
'Cynthia',
'Daanya',
'Daberechi',
'Daenerys',
'Daisey',
'Daisi',
'Daisy-Roo',
'Dakota-Rose',
'Dalliah',
'Damaris',
'Damilola',
'Damla',
'Dan',
'Danai',
'Dananeer',
'Daneen',
'Dania',
'Daniella',
'Daniya',
'Dannah',
'Dara',
'Darah',
'Darbi',
'Darcey-Leigh',
'Darcey-Rae',
'Darcey-Rose',
'Darcie-Anne',
'Darciemay',
'Darcy-Leigh',
'Darcye',
'Darleigh',
'Darra',
'Darra-Lee',
'Darriah-Reign',
'Darshana',
'Daveigh',
'Davina',
'Davis',
'Dax',
'Dayana',
'Deanna',
'Dee',
'Deena',
'Deeya',
'Deisyane',
'Dekota',
'Delaney',
'Deleena',
'Della',
'Delphi',
'Delsa',
'Delsie',
'Demiana',
'Demileigh',
'Deni-Leigh',
'Denise',
'Dennie',
'Derri',
'Dervla',
'Desire',
'Desiree',
'Despoina',
'Deven',
'Devlin',
'Devyn',
'Dexie-Leigh',
'Dhaarini',
'Dharci',
'Dharci-Mae',
'Dhemi',
'Diadem',
'Diane',
'Diede',
'Dija',
'Diksha',
'Dilan',
'Dilara',
'Diliram',
'Dillan',
'Dilly',
'Dima',
'Dimah',
'Dimitria-Elisabeta',
'Dinara',
'Divine',
'Djairelynn',
'Dobroslawa',
'Dodie',
'Dolly-May',
'Domino',
'Donka',
'Doris',
'Dot',
'Dotty',
'Doxa',
'Dubia',
'Dulcie',
'Dwija',
'Dzuwa',
'Eadi',
'Eadie',
'Eamhair',
'Eartha',
'Ebtisam',
'Ecaterina',
'Edan-Rose',
'Eden-Mae',
'Eden-Rose',
'Edyn',
'Eearah',
'Eevee',
'Efa',
'Effie-Blaise',
'Effie-Rose',
'Effy',
'Efosa',
'Eidith',
'Eilah',
'Eilean',
'Eiler',
'Eilis',
'Eirika',
'Eirini',
'Eithne',
'Eka',
'Eknoor',
'Ela',
'Ela-Jane',
'Ela-Jay',
'Elainna',
'Elanor',
'Elaria',
'Eleanor-Grace',
'Eleanora',
'Eleighna',
'Elektra-Christine',
'Elena-Ruby',
'Elene',
'Elenka',
'Eleri',
'Eliah-Meraki',
'Elianna',
'Elijah',
'Elin',
'Eline',
'Elinor',
'Elis',
'Elissa',
'Elitsa',
'Eliza-Grace',
'Elizabeta',
'Elizabete',
'Elizah',
'Elka',
'Ella-Grace',
'Ella-Jo',
'Ella-Marie',
'Ellah',
'Ellah-Rose',
'Ellarose',
'Elleigh',
'Elleke',
'Ellemarie',
'Ellenor',
'Ellia',
'Ellie-Angela',
'Ellie-James',
'Ellie-Louise',
'Elliemay',
'Ellina',
'Ellinah',
'Ellinore',
'Ellison',
'Ellodiegh',
'Elly',
'Ellyjae',
'Eloah',
'Eloghosa',
'Eloise-Ann',
'Elsa-Luisa',
'Elsebeth',
'Elsie-Mai',
'Elsie-Rose',
'Elva',
'Elvi',
'Elvin',
'Elvy-Nicole',
'Elyana',
'Emaan',
'Emalie',
'Ember-Willow',
'Emelie-Rose',
'Emelli-Rose',
'Emer',
'Emerie',
'Emerson',
'Emilee',
'Emileigh',
'Emiley',
'Emilou',
'Emily-Anne',
'Emily-Grace',
'Emily-Jane',
'Emira',
'Emiya',
'Emma-Frances',
'Emma-Jane',
'Emmi',
'Emmi-Lou',
'Emmie-Rose',
'Emtinan',
'Emy',
'Ena',
'Enaarah',
'Enah',
'Enia',
'Enisa',
'Enola',
'Envi',
'Enza',
'Erina',
'Erioluwa',
'Erryn',
'Erynn',
'Erys',
'Esila',
'Esker',
'Esma',
'Esmai',
'Esmai-Rose',
'Esmay',
'Esmeanne',
'Esmee-Grace',
'Esohe',
'Esra',
'Estee',
'Estella',
'Ester',
'Estera',
'Estie',
'Estrid',
'Esty',
'Ettie',
'Eufemia',
'Eunice',
'Eva-Mae',
'Eva-Mila',
'Eva-Rose',
'Evah',
'Evan',
'Evangelina',
'Evani',
'Evbaguehita',
'Evelie',
'Eveliene',
'Evelin',
'Evelyne',
'Everlee',
'Everleigh-Emma',
'Everleigh-Rose',
'Everli',
'Evette-Evelyn',
'Evi',
'Evie-Jayne',
'Evie-Leigh',
'Evie-May',
'Evin',
'Evita',
'Evora',
'Evyie',
'Evyn',
'Ewa',
'Eyael',
'Eydis',
'Eyiyato',
'Ezeimweghian',
'Ezgi',
'Ezmae',
'Ezme',
'Ezme-Marium',
'Ezmie-Lee',
'Ezra',
'Eztaya',
'Ezzaleia',
'Faatimah',
'Fae',
'Fafali',
'Fahima',
'Fajr',
'Falen',
'Falluin',
'Fara',
'Fareeda',
'Farida',
'Fariha',
'Farrow',
'Farryn',
'Faryal',
'Fatiha',
'Fatima-Zahra',
'Fawn',
'Fay',
'Fayruz',
'Fayza',
'Feda',
'Feiffer',
'Felicja',
'Felyn',
'Fenn',
'Fhern',
'Fianna-Hope',
'Finella',
'Finlay',
'Finley',
'Firdaws',
'Flo',
'Floraidh',
'Florentina',
'Flori',
'Floriana',
'Florina',
'Forrest',
'Franka',
'Frankie-Jane',
'Frankie-Rose',
'Frankii',
'Fray',
'Freida-Margaret',
'Freiya',
'Freya-Grace',
'Freya-Lily',
'Freya-Mae',
'Freya-Marie',
'Freya-Nora',
'Freyah',
'Frida',
'Fryal',
'Fyn',
'Fynli',
'Gabriela-Rose',
'Gabriele',
'Gadea',
'Gaya',
'Gayle',
'Geeta',
'Gemer',
'Gemma',
'Gemma-Grace',
'George',
'Georgi',
'Georgia-May',
'Georgia-Rose',
'Georgiana',
'Georgie-Grace',
'Georgie-Mae',
'Ghillie',
'Ginger',
'Ginny',
'Glory',
'Goda',
'Gonul',
'Gosoon',
'Govinda',
'Grace-Anne',
'Gracelynn',
'Gracie-Anna',
'Gracie-Dionne',
'Graciela',
'Grae',
'Graie',
'Graisyn',
'Graycee',
'Guillermina',
'Gul-E-Rana',
'Gurmehtab',
'Gurnaaz',
'Gursakhi',
'Gwenno',
'Gwynneth',
'Gypsy',
'Haadiya',
'Haadiyah',
'Haaniya',
'Habiba',
'Hadija',
'Hadika',
'Hadiya',
'Hafsah',
'Haiden',
'Hailee',
'Haillie-Ann',
'Haive',
'Hajra',
'Hala',
'Hali',
'Hali-Jae',
'Halle-Grace',
'Halliday',
'Hallie-Grace',
'Hallie-Marie',
'Hallie-Rose',
'Halo',
'Hamdibilan',
'Hana-Nur',
'Hanan',
'Hanay',
'Haneeah',
'Haniah',
'Haniyah',
'Hanvika',
'Hargun',
'Hari',
'Harkirat',
'Harleah',
'Harlei',
'Harleigh-Kay',
'Harley-Jay',
'Harley-True',
'Harli-Anne',
'Harlii',
'Harlo',
'Harloh-Soph',
'Harlow-Grace',
'Harlow-May',
'Harlowe',
'Harly',
'Harmoni',
'Harmony-Nova',
'Harper-Ann',
'Harper-Blossom',
'Harper-Helen',
'Harper-Jasmine',
'Harper-Louise',
'Harper-Rae',
'Harper-Violet',
'Harriett',
'Harrleigh',
'Harvie',
'Hasanat',
'Hatice',
'Haven-James',
'Hawa',
'Hawaa',
'Hawwa',
'Hawwi',
'Hayal',
'Haylee',
'Hazar',
'Heavenly',
'Heba',
'Hedi',
'Heer',
'Heidi-Eve',
'Heidi-Rae',
'Helayna',
'Helga',
'Hermione',
'Hessa',
'Hester',
'Hettie',
'Hibah',
'Hibbah',
'Hilda',
'Hinaya',
'Hira',
'Holi',
'Holland',
'Hollie-Lee',
'Hollis',
'Holly-Rae',
'Hollyanne',
'Honore-Rose',
'Honour',
'Hoorab',
'Hosanna',
'Houda',
'Humna',
'Hunnah',
'Hurreima',
'Husaymah',
'Huxley',
'Hydi',
'Ibby',
'Ilana',
'Ilara',
'Ilay',
'Ile',
'Ilhaana',
'Ilkay',
'Illyanah',
'Illyria',
'Ilona',
'Imaan',
'Imaya',
'Imelia',
'Imogen-Lexi',
'Imogene',
'Imrat',
'Ina',
'Inabiyah',
'Inaira',
'Inayat',
'Indi-Grace',
'Indi-River',
'Indi-Rose',
'India-Rose',
'India-Roza',
'Indie-Azalea',
'Indie-Grace',
'Indie-Rae',
'Indie-Savannah',
'Indigo-Rose',
'Inette',
'Inga',
'Inioluwa',
'Iniya',
'Inle',
'Inshirah',
'Insiya',
'Iolanthe',
'Iozefina',
'Irah',
'Irina',
'Isabela',
'Isabell',
'Isabella-Victoria',
'Isatou',
'Ischia',
'Isha',
'Ishani',
'Ishanvi',
'Ishi',
'Isioroghene',
'Isis',
'Isla-Grace',
'Isla-Jane',
'Isla-Mae',
'Isla-May',
'Islagh',
'Islay-Grace',
'Islay-Rose',
'Ismat',
'Isobelle',
'Issey',
'Issy',
'Isyla-Mae',
'Itzianna',
'Iunia',
'Iva',
'Ivabella',
'Ivana',
'Iveigh',
'Ivey-Rose',
'Ivie-Blair',
'Ivie-Grace',
'Ivy-Bleu',
'Ivy-Elizabeth',
'Ivy-Jean',
'Ivy-Mae',
'Ivy-Rae',
'Ivy-Rue',
'Iyana',
'Iylah',
'Izabela',
'Izza',
'Izzabella',
'Izzah',
'Jaan',
'Jacki',
'Jaclyn',
'Jacq',
'Jade',
'Jadwiga',
'Jagoda',
'Jahanara',
'Jaimerose',
'Jaimie',
'Jameela',
'Jamie-Lee',
'Jamie-Leigh',
'Jamiee',
'Janeen',
'Janelle',
'Janina',
'Janoah',
'Janvika',
'Japji',
'Japnoor',
'Jariimue',
'Jasveer',
'Javaria',
'Jawaria',
'Jaya',
'Jayd',
'Jayden',
'Jayla',
'Jayme',
'Jayna',
'Jayne',
'Jazlyn',
'Jazmin',
'Jazmyne',
'Jean',
'Jeane',
'Jeanie',
'Jeni',
'Jenni',
'Jesi',
'Jesica',
'Jessa',
'Jesse',
'Jessica-Harper',
'Jesutomi',
'Jett',
'Jewel',
'Jewels',
'Jiaxuan',
'Jihoo',
'Jinan',
'Jiya',
'Joann',
'Joanne',
'Jocelyn',
'Joey',
'Johanna',
'Joice',
'Joleene',
'Jolene',
'Jordana',
'Jorgi',
'Jorgie-Mae',
'Josefina',
'Josette',
'Journi',
'Joury',
'Jovie',
'Juaa',
'Jude',
'Jules',
'Juliana',
'Juri',
'Jwan',
'Kaci-Lee',
'Kacy',
'Kadeeja',
'Kadey',
'Kahlea',
'Kaila',
'Kaila-Lee',
'Kailynn',
'Kaina',
'Kainaat',
'Kaira',
'Kaisey',
'Kaitochukwu',
'Kaiya',
'Kaiyana',
'Kala',
'Kalaila',
'Kalani',
'Kaleah',
'Kalese',
'Kalia',
'Kaliah',
'Kalie',
'Kaliyah',
'Kalli-Ann',
'Kamila',
'Kamilah',
'Kamsiyochukwu',
'Kaneez',
'Kania',
'Kanishiya',
'Kaprice',
'Karile',
'Karla',
'Karlie',
'Karly',
'Karlyn',
'Karonna-Jean',
'Karsyn',
'Kash',
'Kassia',
'Kassidy',
'Kassie',
'Katan',
'Katariina',
'Katelyn',
'Kathryn-Rose',
'Katiana-Grace',
'Katie-Lee',
'Katie-Marie',
'Katie-Mary',
'Katie-Rose',
'Katrina',
'Kavya',
'Kayassey',
'Kaycie',
'Kayda',
'Kaydah',
'Kaydence',
'Kaydi',
'Kaydi-Leigh',
'Kayla-Louise',
'Kayla-Rose',
'Kaylannii-Rose',
'Kaynat',
'Kayra',
'Kaysha',
'Kaysie',
'Keara',
'Keeda',
'Keela',
'Keelah',
'Keely',
'Keena',
'Keeva-May',
'Keevah',
'Kehlani',
'Kehsi',
'Keira-Loren',
'Keita',
'Keiva',
'Kelsi',
'Kendalyn',
'Keni',
'Kenley',
'Kenya',
'Kerra',
'Keryn',
'Kesiah',
'Ketaki',
'Ketevan',
'Keti',
'Ketran',
'Keyarah',
'Keziah',
'Khadija-Noor',
'Khadiza',
'Khair',
'Khalani',
'Khaleesi',
'Khalese',
'Khari',
'Khirad',
'Khleo',
'Khoa',
'Khuyana',
'Khya',
'Kiah',
'Kianah',
'Kiannah-Leigh',
'Kiara-Leigh',
'Kiara-Lou',
'Kiara-May',
'Kiarajane',
'Kiaya',
'Kiera-Holly',
'Kiernan',
'Kieva',
'Kim',
'Kingsley',
'Kinsley',
'Kiora',
'Kipo',
'Kisa',
'Kiswa',
'Kiva',
'Kiyaana',
'Kiyara',
'Kleo',
'Knoxie',
'Koda',
'Kodi',
'Kodie',
'Konstantina',
'Koral',
'Kori-Mae',
'Korra',
'Kosisochukwu',
'Kotoko',
'Kourtney',
'Kovvi',
'Krissi',
'Kristi',
'Kristina',
'Krithi',
'Krystal',
'Krystallia',
'Kukua',
'Kulraj',
'Kya',
'Kylah-Rae',
'Kyleigh',
'Kyler',
'Kyler-Courtney',
'Kynslei',
'Lacey-Anne',
'Lacey-Leigh',
'Lacey-May',
'Laci-J',
'Lacy-Grace',
'Laeeqah',
'Laiba-Noor',
'Laila-Mai',
'Lailah',
'Laina',
'Laine',
'Laira',
'Laisha',
'Laiyllah',
'Laleena',
'Laliah',
'Lamar',
'Lamara',
'Lamisah',
'Lana-Jane',
'Laney',
'Laniya',
'Lanna',
'Lano',
'Lara-Ann',
'Lara-Mae',
'Larah',
'Larena',
'Laria',
'Larin',
'Larosa',
'Larrah',
'Latika',
'Laura-Grace',
'Lavan',
'Lavin',
'Lavinia',
'Laya-Mae',
'Layke',
'Layla-Anne',
'Layla-Jane',
'Layla-Leigh',
'Layna',
'Leah-Louise',
'Leandra',
'Leearah',
'Leenah',
'Leigha',
'Leighreigh',
'Leighton',
'Leila-Rose',
'Lene',
'Leni',
'Lenni',
'Lennix',
'Leoni',
'Leonna',
'Leonore',
'Lettie',
'Levi',
'Lexi-Agnes',
'Lexi-Ann',
'Lexi-Leigh',
'Lexi-Margaret',
'Lexi-Rose',
'Leyanna',
'Leyna',
'Leyre',
'Liadh',
'Liala',
'Lianna-Rose',
'Lianne',
'Liara',
'Liberty',
'Liella',
'Lilac',
'Lilee',
'Liliah',
'Lilja',
'Lilla',
'Lillea',
'Lillian-Marie',
'Lilliana',
'Lillias',
'Lillie-Marie',
'Lillie-Rose',
'Lillien',
'Lilly-Ann',
'Lillymay',
'Lilo',
'Lilou',
'Lily-Alice',
'Lily-Jade',
'Lily-Jayne',
'Lilya',
'Lilyan',
'Lilyann',
'Lilybelle',
'Lilyella',
'Lin',
'Linaz',
'Linda',
'Linda-Rose',
'Lindy',
'Linett',
'Liola-Sky',
'Lita',
'Lithika',
'Liuwa',
'Livinia',
'Livvie',
'Livy',
'Liwia',
'Liyakhanya',
'Liyanna',
'Liyarah',
'Liza',
'Llorena',
'Loah',
'Lockie',
'Loelia',
'Lola-Mae',
'Lorena',
'Lorencia',
'Lottie-Elizabeth',
'Lotus',
'Loudoun',
'Louie',
'Loulou-Belle',
'Lowen',
'Lowenna',
'Loxi',
'Luana',
'Luanna',
'Lubna',
'Lubomira',
'Luca',
'Lucia-Rosa',
'Lucille',
'Lucina',
'Lucja',
'Luden',
'Luenna',
'Lujain',
'Luka',
'Lula-Mags',
'Lulah',
'Lullah',
'Lulu',
'Lumi',
'Luna-Louise',
'Lunara-Melek',
'Lusia',
'Lusiana',
'Lyan',
'Lyla-Grace',
'Lyla-Rose',
'Lylah-Mae',
'Lylah-May',
'Lylah-Rose',
'Lyle',
'Lylia',
'Lyndi',
'Lynn',
'Lynvarra',
'Lyra-Grace',
'Maab',
'Maawa',
'Maci-Leigh',
'Madaline',
'Maddi',
'Maddyn',
'Madeeha',
'Madelyn',
'Madge',
'Madina',
'Madlen',
'Maebh',
'Maela',
'Maeva-Mae',
'Maeva-Rose',
'Maezie-Grey',
'Magdalena',
'Maggie-Grace',
'Maggie-Mae',
'Maha',
'Mahanya',
'Mahira',
'Mahnoor',
'Mahsa',
'Maia-Louise',
'Maiah',
'Maija',
'Maili',
'Maille',
'Mair',
'Mairah',
'Mairose',
'Maisah',
'Maisie-Louise',
'Maisie-Mae',
'Maisie-Rose',
'Maite',
'Maiva',
'Maiya',
'Maka',
'Makenna',
'Malaak',
'Malak',
'Malath',
'Maleah',
'Maleeha',
'Malghalara',
'Maliah',
'Maliyah',
'Maliyah-Ray',
'Malorie',
'Malou',
'Malvina',
'Malwina',
'Manaar',
'Manal',
'Manha',
'Maniaiyah',
'Manon',
'Mansa',
'Manuela',
'Manushri',
'Manvir',
'Maramawit',
'Marcela',
'Marcey',
'Marcy',
'Maream',
'Maren',
'Margarida',
'Margarita',
'Margi',
'Mariama',
'Mariamawit',
'Mariana',
'Marianne',
'Marie',
'Mariella',
'Marilena',
'Marin',
'Marion',
'Mariposa',
'Maris',
'Marium',
'Mariya',
'Marlae',
'Marlee',
'Marleigh',
'Marlena',
'Marli',
'Marlie-Mae',
'Marllei-Ann',
'Marlow',
'Marnie-Grace',
'Marnie-Rae',
'Marsha',
'Martha-Louise',
'Martha-May',
'Martina',
'Marvin',
'Marwa',
'Mary-Elizabeth',
'Mary-Helen',
'Mary-Rose',
'Maryam-Hanifah',
'Mashaal',
'Masie',
'Massie',
'Matilde',
'Matisse',
'Mauve',
'Mavie',
'Maxi',
'Maxine',
'Maya-Rose',
'Mayar',
'Mayasen',
'Mayasin',
'Maybelle',
'Maysam',
'Maysie',
'Mazikeen',
'Meara',
'Meeah',
'Meelie',
'Meera',
'Meerab',
'Mehar',
'Mehjabee',
'Mehr',
'Mehreen',
'Mehwish',
'Meilah',
'Meiya',
'Melahier',
'Melainie',
'Melani',
'Melek',
'Melia',
'Melinda',
'Mellackie-Jac',
'Mellieha-Rose',
'Melona',
'Mena',
'Menda',
'Meng',
'Mensa',
'Mercedes',
'Meriel',
'Merrida',
'Meya',
'Mezguashe',
'Mharli-Mae',
'Mhirren',
'Mhurran',
'Mhya',
'Mia-Amelie',
'Mia-Belle',
'Mia-Grace',
'Mia-Rose',
'Mia-Teri',
'Micaela',
'Michael-Tilly',
'Michalina',
'Migle',
'Mihika',
'Mihrimah',
'Mika',
'Mikayla',
'Mila-Elise',
'Mila-Grace',
'Mila-Mae',
'Milana-Isobella',
'Milana-Vee',
'Milani',
'Milanna',
'Milap',
'Milay',
'Milayna',
'Milda',
'Mileyah',
'Milia',
'Millar',
'Millee',
'Milleigh',
'Milliana',
'Millianna',
'Millie-Joe',
'Millie-Marie',
'Millie-Marlyn',
'Millie-Rose',
'Milly-Sunday',
'Minaal',
'Minah',
'Mingze',
'Minnah',
'Miona',
'Mira-Belle',
'Mirab',
'Mirabel',
'Mirabelle',
'Mirain',
'Miranda',
'Mirela',
'Mirella',
'Miren',
'Miriana',
'Miroslava',
'Miruna',
'Mishka',
'Misk',
'Mithra',
'Mizla',
'Mohra',
'Mollie-Mae',
'Mollie-Rose',
'Molly-Mae',
'Molly-Mai',
'Molly-Rose',
'Momina',
'Monet',
'Monet-Lilla',
'Monica-Elisabeta',
'Monika',
'Monique',
'Montaha',
'Montana',
'Morael',
'Morayo',
'Morayooluwa',
'Morgan-Rae',
'Morgyn',
'Morna',
'Morryn',
'Moxxi',
'Mtab',
'Muireann',
'Munachimso',
'Muneeba',
'Muneera',
'Muniba',
'Muningandu',
'Munro',
'Murael',
'Muri',
'Murryn',
'Musfirah',
'Musu',
'Mutoni',
'Myfanwy',
'Myla-Mae',
'Myla-Mai',
'Myla-Rose',
'Mylah-Leigh',
'Myleigh',
'Myley',
'Mysha',
'Nabeeha',
'Nadalina',
'Nadean',
'Nadya',
'Naeva',
'Naia',
'Naiara',
'Nailah',
'Naimat',
'Naina',
'Nairiti',
'Nairn',
'Naiya',
'Najwa',
'Naliah',
'Nana',
'Naomi-Edith',
'Naomi-Grace',
'Naomi-Leigh',
'Nardos',
'Nare',
'Narlah',
'Natalia-Leigh',
'Natalya',
'Natasha',
'Nathalie',
'Nathania',
'Naveena',
'Navey',
'Navroop',
'Navy',
'Navya',
'Nawal',
'Nayla',
'Nazifa',
'Naziksaber',
'Nazile',
'Nazli',
'Nbaa',
'Neala',
'Neava',
'Neavah',
'Nebai',
'Neimhe',
'Neiria',
'Nelia',
'Nelin',
'Nelina',
'Nelle',
'Nellie-May',
'Neneh',
'Neo',
'Nephele',
'Neriah',
'Nerissa',
'Nesrine',
'Ness',
'Nessa',
'Nettie',
'Nevaeh-Ann',
'Nevarah',
'Neveah',
'Neyve',
'Niah-Louise',
'Nialah',
'Niamhe',
'Nico',
'Nicola',
'Nicolle',
'Nievah-Rae',
'Nighean',
'Nihika',
'Nikita',
'Nila',
'Nile',
'Nimisha',
'Nimra',
'Niomi',
'Niranjana',
'Nishita',
'Nivannah',
'Niyati',
'Nkem',
'Nkoni',
'Nkunim',
'Noami',
'Noelia',
'Noemia',
'Nolah',
'Nona',
'Noor-E-Sahar',
'Noura',
'Nourhanne',
'Nova-Mae',
'Nova-Rose',
'Novah-Mae',
'Novalea',
'Noveia',
'Nuan',
'Nula',
'Numa',
'Nuriyah',
'Nusaiba',
'Nusaibah-Noor',
'Nvaha',
'Nya',
'Nye',
'Nyiah',
'Nyla-Rose',
'Nymeria',
'Nyome',
'Nyx',
'Oaklee',
'Oaklee-Mae',
'Oaklynn',
'Ocean-Bleu',
'Oceania',
'Oceanna',
'Odeth',
'Ofelia',
'Ohanna',
'Oktawia',
'Oladoyin',
'Olissa',
'Olivia-Alice',
'Olivia-Hope',
'Olivia-Leigh',
'Olivia-Ocean',
'Oliviamay',
'Oliviarose',
'Oluwademilade',
'Oluwafolabomi',
'Oluwasemilore',
'Oluwatisefunmi',
'Olympia',
'Olyvia',
'Omnia',
'Omolara',
'Ona',
'Onab',
'Opal-Fe',
'Opal-Mae',
'Ophia',
'Ora',
'Orali',
'Oran',
'Oreofeoluwa',
'Orla-Mae',
'Orla-Marie',
'Orlaigh',
'Orli',
'Orlie',
'Osawese',
'Otterly',
'Ottillie',
'Ovelia',
'Ovku',
'Oyla',
'Ozlem',
'Pace',
'Paislee',
'Paislie',
'Paloma',
'Pandora-Rose',
'Panka',
'Panna',
'Pannavee',
'Pardis',
'Paris-Sarah',
'Parisa',
'Parishay',
'Parkyr',
'Paton',
'Patrycja',
'Paulina',
'Peach',
'Pearl-Rose',
'Pema',
'Penelope-Rose',
'Pennan',
'Penney',
'Penuel',
'Pernielle-Cheryl',
'Perrie-Rose',
'Petra',
'Petya',
'Peyton-Leigh',
'Philomena',
'Piper-Rose',
'Pippa-Louise',
'Pixie-Ann',
'Polina',
'Poppy-Ann',
'Poppy-Mae',
'Poppy-Rose',
'Poppyrae',
'Porcha',
'Porsha',
'Posy',
'Prabhneet',
'Prada-Mae',
'Pranavi',
'Precious',
'Presha',
'Presiyana',
'Presleigh-Anne',
'Presley-J',
'Preslie',
'Princess-Victoria',
'Prisha',
'Pritila',
'Priyanka',
'Pru',
'Putu',
'Qailah',
'Quinne',
'Quinnie',
'Raameen',
'Rabia',
'Rabia',
'Rachael',
'Rachel-Ann',
'Rachel-May',
'Radhika',
'Raeahna',
'Raeya',
'Rafaela',
'Rafiya',
'Ragan-Cole',
'Raghad',
'Rahaf',
'Rahma',
'Raigha',
'Raiha',
'Railay',
'Rainah',
'Rainbow',
'Raineach',
'Rainie',
'Rainn',
'Rainna',
'Raiyah',
'Ramona-Lee',
'Rand',
'Raphaela',
'Rarri-Aurora',
'Raseel',
'Rawasi',
'Rayah',
'Rayan',
'Rayann',
'Raychel',
'Rayha',
'Rayn',
'Rayne-Livia',
'Rayya',
'Rayyana',
'Rebbeca',
'Rebecca-Ann',
'Rebeka',
'Rebekah-Grace',
'Reef',
'Reemas',
'Reevi',
'Reeya',
'Rehmat',
'Reia',
'Reilly',
'Reina',
'Reine',
'Reiss',
'Reiva',
'Reiva-Rose',
'Reive',
'Remaliey-May',
'Remedy',
'Remi-Leigh',
'Remi-Mae',
'Remie',
'Remmi',
'Remy-Mae',
'Rena',
'Renae',
'Renesme',
'Rennie',
'Rennylea',
'Reven',
'Reverie',
'Reygan',
'Reyna',
'Rhaya',
'Rhea-Rose',
'Rhemi',
'Rhiley',
'Rhiver-Eve',
'Rhodes',
'Rhomani',
'Rhuren',
'Rhyla',
'Rhylie',
'Rianna',
'Ribhinn',
'Richel',
'Rida',
'Riddhi',
'Ridha',
'Ridhvi',
'Rihan',
'Rihanna-Andreea',
'Rikzah',
'Riley-Jayne',
'Riley-Mae',
'Riley-Sophia',
'Rima',
'Rina',
'Riona',
'Rishika',
'Rita',
'Rithanya',
'Rithika',
'Ritisha',
'Rivah',
'River-Alaeia',
'River-Bleu',
'River-May',
'River-Rayne',
'Riveya',
'Roberta',
'Robi-Leigh',
'Rochelle',
'Roen',
'Rogue',
'Rohin',
'Rojeen',
'Rojina',
'Roksana',
'Romali',
'Romany',
'Romi-Bluebell',
'Romiie',
'Romina',
'Ronak',
'Ronni',
'Ronsie',
'Rora',
'Rorie',
'Rory',
'Rosabella',
'Rosalea',
'Rosalee',
'Rosalyn',
'Rosana',
'Rosario',
'Roscha',
'Rosealee',
'Roseanna',
'Roseleen',
'Roselyn',
'Rosemarie',
'Rosetta',
'Rosi',
'Rosie-Lee',
'Rosie-May',
'Row',
'Rowe',
'Rowen',
'Rowena',
'Roxana',
'Roxanna',
'Royalty',
'Rozana',
'Roze',
'Rua',
'Ruairi',
'Rubani',
'Ruben',
'Rubie-Belle',
'Ruby-Anne',
'Ruby-Jax',
'Ruby-Lynn',
'Ruby-Mae',
'Ruby-Rae',
'Ruby-Rose',
'Ruchira',
'Rudra',
'Rudy',
'Rufaidah',
'Ruhuoma',
'Rumaiya',
'Rumi',
'Runi',
'Ruoyi',
'Rutsuhavi',
'Ryah',
'Ryane',
'Ryla',
'Ryleigh-Louise',
'Ryley',
'Rym',
'Ryna',
'Ryya',
'Saanjh',
'Saara',
'Saba',
'Sabeera',
'Sacha',
'Sadan',
'Saffi',
'Saffia-Rose',
'Saffiya',
'Safiya',
'Safiya-Isabel',
'Safiyah',
'Safiyanoor',
'Safiyya-Marie',
'Safiyyah',
'Saga',
'Sahana',
'Sahiri',
'Saiesha',
'Sailor',
'Saint',
'Saira',
'Sairah',
'Sajal',
'Saketa',
'Sakina',
'Salem',
'Salem-Raine',
'Salha',
'Salima',
'Salka',
'Salma',
'Salomaya',
'Salomeja',
'Salwa',
'Samanvi',
'Samara',
'Sambridhi',
'Samiha',
'Samiya',
'Samreet',
'Sanaya',
'Sandra',
'Sandy',
'Saniyah',
'Saorla',
'Saphia',
'Sarah-Jane',
'Sarah-Rose',
'Sarina',
'Sarohi',
'Sasha-Yvonne',
'Saskia',
'Savannah-Grace',
'Savannah-Mae',
'Savannah-May',
'Savannah-Raye',
'Savreen',
'Scarlette',
'Seanie-Lei',
'Seeham',
'Seerit',
'Sehaj',
'Sehej',
'Sehrish',
'Selda',
'Selina',
'Selina-Elize',
'Selini',
'Senua',
'Seona',
'Serah',
'Serenna',
'Seveda',
'Shafeeah',
'Shahzadi',
'Shaie',
'Shakreen',
'Shalvi',
'Sham',
'Shambhavi',
'Shanaya',
'Shania',
'Shaniha',
'Shanna',
'Shannon',
'Shantel',
'Shanti',
'Sharvi',
'Shauna',
'Shayea',
'Shaylin',
'Shelbi',
'Shelbie',
'Shenaya',
'Shiann',
'Shin',
'Shivamika',
'Shivani',
'Shona',
'Shyanne',
'Siana',
'Sianna',
'Siarra',
'Sidratul',
'Sienna-Blake',
'Sienna-Grace',
'Sienna-Mae',
'Siennah',
'Siennarey',
'Sierra-Sapphire',
'Sif',
'Sigrid',
'Silei',
'Silvana',
'Silver',
'Silvia',
'Simar',
'Simay',
'Simisola',
'Sinead',
'Sinem',
'Siona',
'Sireen',
'Siri',
'Sithandekile',
'Sivaagnya',
'Siyara',
'Skai',
'Skaiste',
'Skyelar',
'Skyelar-Rose',
'Skyla-Ray',
'Skylah',
'Skylah-Rose',
'Sloan',
'Smilte',
'Smita',
'Smriti',
'Sodan',
'Sofeia',
'Sofi',
'Sofia-Arabella',
'Sofia-May',
'Sofija',
'Sofiya',
'Sofiyah',
'Solvei',
'Somayeh',
'Sommer',
'Sonia',
'Sonja',
'Sonya',
'Sophea',
'Sophia-Ann',
'Sophia-Grace',
'Sophia-River',
'Sophie-Grace',
'Sophie-Maria',
'Sora',
'Spencer',
'Sri',
'Srisha',
'Stacey',
'Stacie-Ann',
'Starley',
'Stassi',
'Stefan',
'Stephanie-Leigh',
'Stevey',
'Stevi-Mae',
'Stevie-Jo',
'Storie-Lee',
'Stuti',
'Sue-Ellen',
'Suhavi',
'Suilven',
'Sukayna',
'Suki',
'Sula-Wren',
'Summer-Jane',
'Summer-Leigh',
'Sundos',
'Sundus',
'Suneta',
'Sunnie',
'Sunniva',
'Susanne',
'Suzanna',
'Suzanne',
'Suzi',
'Sybil',
'Syrianna',
'Szofi',
'Taarika',
'Taibou',
'Tailyn',
'Taisia',
'Taisierayne',
'Talas',
'Taleah',
'Taleen',
'Talia-Rose',
'Taliah',
'Taliyah',
'Tallie',
'Tallulah-Mae',
'Talyia',
'Tamaya',
'Tameera',
'Tamelia',
'Tamia',
'Tamsin',
'Tanera',
'Tania',
'Tanjin',
'Tanvi',
'Taropafadzwa',
'Tauriel-Rose',
'Taushinee',
'Tavi',
'Tavongaishe',
'Tayah',
'Taylor-Rae',
'Taymin',
'Tea',
'Teagan',
'Tegan',
'Tehnaz',
'Tehzeeb',
'Tempest',
'Tennessee',
'Tereza',
'Tesire',
'Thaleia',
'Thandiwe',
'Thanshiga',
'Thelia',
'Thena',
'Thomasin',
'Thorne',
'Thorunn',
'Thuso',
'Thyra',
'Tian',
'Tianna-Mae',
'Tiara-Charmaine',
'Tifa',
'Tigerlily',
'Tiggy',
'Tigray',
'Tilda',
'Tillie-May',
'Tilly-Jean',
'Tilly-Rose',
'Tingyuan',
'Tiona',
'Tiree',
'Tirzah',
'Tiwalolu',
'Tomi',
'Tomilola',
'Tora',
'Torvi',
'Toula',
'Tracie-Leigh',
'Trenedi',
'Tru',
'Trudie',
'TRUE',
'Tulasi',
'Tullah',
'Tyla-Rose',
'Tyler',
'Ulyana',
'Umaima',
'Umamah',
'Ummeh',
'Unsa',
'Urfa',
'Ursula',
'Utrishna',
'Uyiosa',
'Vaanya',
'Valerie',
'Vali',
'Valkyrie',
'Vamika',
'Vanea',
'Vanesa-Aise',
'Vanora',
'Varya',
'Vasilisa',
'Vedha',
'Vedya',
'Veera',
'Vega',
'Veila',
'Vekamunika',
'Velvetjane',
'Verena',
'Veronika',
'Vhairi',
'Vianna',
'Vienna-Marie',
'Viia',
'Vilte',
'Vimala',
'Viola',
'Virginia',
'Vitjiuka',
'Vivi',
'Vjosa',
'Vriha',
'Vritika',
'Vyara',
'Vyta',
'Wagan',
'Wareesha',
'Warisha',
'Wilda',
'Willoh',
'Willow-Anne',
'Winnie-Mae',
'Winnie-May',
'Winnie-Rose',
'Winter-Lilly',
'Winter-Ocean',
'Winter-Rose',
'Winter-Sadie',
'Wylde',
'Wynda',
'Wynter-Grace',
'Wynter-Ivy',
'Wynter-Rose',
'Xavia',
'Xayah-Amor',
'Xi',
'Xiomara',
'Xiylo',
'Xizhan',
'Xola',
'Xzavia',
'Ya',
'Yabetty',
'Yana',
'Yanara',
'Yanet',
'Yaniet',
'Yansu',
'Yardley',
'Yashika',
'Yazmin',
'Yemariam',
'Yichen',
'Ying',
'Yogita',
'Yohanna',
'Yoser',
'Yris',
'Yuki',
'Yuktaa',
'Yula',
'Yulia',
'Yumna',
'Yuna-Marie',
'Yvie-Rose',
'Zaara',
'Zabrina',
'Zahriyyah',
'Zaineb',
'Zaira',
'Zaiya',
'Zakaa',
'Zamina',
'Zamira',
'Zana',
'Zanna',
'Zara-Eden',
'Zara-Louise',
'Zara-Mae',
'Zara-Maeve',
'Zara-Rose',
'Zara-Violet',
'Zarah',
'Zaralee',
'Zareen',
'Zariah',
'Zarnish',
'Zarrish',
'Zarwa',
'Zavia',
'Zaviya',
'Zawadi',
'Zaya',
'Zaynah',
'Zayneb',
'Zeena',
'Zeina',
'Zelle',
'Zena',
'Zenab',
'Zenehyia',
'Zhannat',
'Zhara',
'Zia',
'Zianna',
'Zimal',
'Zion',
'Ziqiao',
'Ziva',
'Ziya',
'Zoja',
'Zora',
'Zuhayrah',
'Zulaikha',
'Zunaisha',
'Zunayrah',
'Zunyra',
'Zunysha',
'Zurah',
'Zurie',
'Zuriel',
'Zuwaina',
'Zyla'